NET_ODA,POP,GNP_PCAP,INF_MORT,RIGHTS_REV,RIGHTS_INV,country,year
-1.8208718142939697,-0.6986929400884901,0.3997697470243032,0.053443575085902015,-0.6505875661411494,-0.46676928396894896,Algeria,1984
-1.550628139918132,-0.689302954205922,0.45885524176312126,-0.037327577854340474,-0.672093771362113,-0.4848378907623364,Algeria,1985
-1.7171484960149552,-0.6808870974232968,0.5285990241606049,-0.136996237240106,-0.7023638356648693,-0.5124886867742232,Algeria,1986
-1.4976477665735015,-0.6734443543736687,0.5951281772345984,-0.23243203119283484,-0.7114963192281417,-0.5421658449755129,Algeria,1987
-1.7068421994854093,-0.6666340781531358,0.6447980307306269,-0.30970782964726845,-0.4373584718841182,-0.4569676183872261,Algeria,1988
-1.8510832724349031,-0.6601834496140978,0.6234883970819481,-0.3647475791622791,-0.20972053098206914,-0.3758448941973299,Algeria,1989
-3.4400569498509412,-0.38653545174859594,0.6188601516053468,-0.9143349217303333,0.6486954179891115,0.6318430046991608,Argentina,1984
-3.3312979289278384,-0.39138844549751567,0.7041726505716529,-0.9456694170019515,0.6271892127681479,0.6137743979057734,Argentina,1985
-2.8218136576260258,-0.3965942214215879,0.6976277680140424,-0.9694326586773984,0.6839305254550213,0.8738056743456674,Argentina,1986
-2.708835933173647,-0.4021303959005444,0.7316610728628776,-0.9823190404045324,0.6747980418917489,0.8441285161443777,Argentina,1987
-2.1539924487967954,-0.40766038598670723,0.8469827310239931,-0.9823764788636731,0.6612538167839915,0.8423153657430347,Argentina,1988
-1.8559114174476181,-0.4129434703297725,0.9294378520803906,-0.9682216829977343,0.6657482063718309,0.8281279101286061,Argentina,1989
-1.0070681348181725,0.7031282004611241,-1.827103524234046,0.49360357088914364,-0.3629054936893685,-0.37975790697931905,Bangladesh,1984
-1.2064379672031478,0.7084954830511662,-1.834801220486623,0.4962761986673165,-0.16126814759612226,-0.3025163339683816,Bangladesh,1985
-1.070956948116382,0.7137915683058098,-1.8110677437379725,0.49606793997106263,-0.009216655104923952,-0.2248066143224422,Bangladesh,1986
-0.8637988454793343,0.7188680793031275,-1.7462769076090292,0.4926723446279657,-0.01834913866819643,-0.254483772523732,Bangladesh,1987
-1.005789634657592,0.7238701436559163,-1.6764791952755713,0.48633377407530975,-0.03189336377595373,-0.256296922925075,Bangladesh,1988
-1.0024001578941433,0.7288032028500196,-1.654228629334084,0.4772055330660437,0.1267517056391438,-0.1527013428831202,Bangladesh,1989
-0.6431214849672279,-2.3541805225537376,-1.5239172652463,0.4580873279117514,-1.749199854809259,-0.6209199637962072,Benin,1984
-0.4997937828604895,-2.34616654978099,-1.6161120195217935,0.4703007122640559,-1.7707060600302227,-0.6389885705895947,Benin,1985
-0.2769811653151195,-2.338195021707048,-1.6474383199561706,0.48046568377286886,-1.800976124332979,-0.6666393666014814,Benin,1986
-0.3087304871577771,-2.330165771413585,-1.6471860049647984,0.48835454862790934,-1.8101086078962516,-0.6963165248027713,Benin,1987
-0.13722182637742045,-2.3212274680926543,-1.5863280982812737,0.49430194372448666,-1.8236528330040087,-0.6981296752041143,Benin,1988
0.32583237235700147,-2.310520631334457,-1.492587277777668,0.4990146664318368,-1.8191584434161696,-0.712317130818543,Benin,1989
0.07498096755430322,-4.57416370454526,-1.6729528444067878,0.4390075288767715,-0.13976194237515874,-0.2844477271749941,Bhutan,1984
0.20648493201733809,-4.567066879537354,-1.5984124424223927,0.43111341542796533,-0.16126814759612226,-0.3025163339683816,Bhutan,1985
0.6406580324288021,-4.5575210241684525,-1.5233856712861917,0.42183121797810036,-0.19153821189887857,-0.3301671299802684,Bhutan,1986
0.6110972931875784,-4.546637228892811,-1.4430906486212831,0.4100771936726763,-0.2006706954621511,-0.3598442881815582,Bhutan,1987
0.5971268752849366,-4.537243981065631,-1.2159543099843793,0.39616590545189956,-0.21421492056990837,-0.36165743858290117,Bhutan,1988
0.5712000835655653,-4.533042716896475,-1.0528889980272615,0.3803323501393094,-0.43286408229627893,-0.4711550740016548,Bhutan,1989
-0.463253041450372,-1.97819111332232,-0.5625060980916754,0.3028404572375365,0.5533852381847866,0.40869945338495123,Bolivia,1984
-0.33959761884037665,-1.9785383753726216,-0.5115649953338692,0.30733940275464267,0.531879032963823,0.3906308465915637,Bolivia,1985
-0.012610325658677906,-1.9788253388563828,-0.48783151858521884,0.3088810099354396,0.5016089686610667,0.36298005057967686,Bolivia,1986
0.086741380085873,-1.979080806888499,-0.5548828854899533,0.3076759512592577,0.49247648509779424,0.3333028923783871,Bolivia,1987
0.47069923196492414,-1.9789148993796886,-0.6631644871193565,0.30347874167521127,0.4789322599900369,0.33148974197704417,Bolivia,1988
0.585517035875545,-1.9780438155030604,-0.7344352669087268,0.2964445402276675,0.4834266495778762,0.31730228636261537,Bolivia,1989
1.0570720076247406,-3.7479757262595133,-0.1929729992095742,-0.47644603258431995,0.5533852381847866,0.40869945338495123,Botswana,1984
0.9045861299086709,-3.7325013464407335,-0.22092871098465694,-0.4936842932588939,0.531879032963823,0.3906308465915637,Botswana,1985
0.8093589481478438,-3.715613925306167,-0.24245182582412733,-0.5099003292989582,0.5016089686610667,0.36298005057967686,Botswana,1986
1.2059274735081873,-3.698029891303509,-0.21480053664464077,-0.5224894016735233,0.49247648509779424,0.3333028923783871,Botswana,1987
1.1690663191143211,-3.6806196714375004,-0.12931821236298538,-0.5316206115753455,0.4789322599900369,0.33148974197704417,Botswana,1988
1.1516020933004152,-3.664576892719571,0.10785507174785441,-0.5339361363540778,0.6657482063718309,0.8281279101286061,Botswana,1989
-3.3878715567534847,1.1067728861783035,0.2259512622725949,-0.10574852701428235,0.44802472252696035,0.22637789659099639,Brazil,1984
-4.0535326592331735,1.1075336781609586,0.17564744970626153,-0.11598332275352813,0.531879032963823,0.3906308465915637,Brazil,1985
-3.6297689673688622,1.1072194617632312,0.15371088962172358,-0.12680406747387837,0.5969191484653915,0.5861236018938867,Brazil,1986
-2.959956971151716,1.1059419678894093,0.20556797696609863,-0.13744542362883522,0.5877866649021191,0.5564464436925969,Brazil,1987
-3.237151021879803,1.1042261033390113,0.30647222546009123,-0.14812529902523994,0.4789322599900369,0.33148974197704417,Brazil,1988
-3.22928490613402,1.1025548759024013,0.36882819293511365,-0.15924268691266721,0.5787368293822011,0.5404458376768251,Brazil,1989
-0.3459425184955688,-1.759870672411445,-1.7470608165605097,0.3529093939597454,-0.6505875661411494,-0.46676928396894896,Burkina Faso,1984
-0.39432106252058813,-1.7549312017073933,-1.834801220486623,0.3655897581750253,-1.0775588794702773,-0.5648805984358727,Burkina Faso,1985
-0.17354416820330562,-1.7500825819365928,-1.8800606152249242,0.3761906627115645,-1.1078289437730335,-0.5925313944477595,Burkina Faso,1986
-0.1975866516624666,-1.7452496986507144,-1.8108154287466005,0.38544307258643046,-1.1169614273363062,-0.6222085526490492,Burkina Faso,1987
-0.12215836048827246,-1.7399807162599343,-1.7149454761033673,0.39324335100929775,-1.1305056524440635,-0.6240217030503923,Burkina Faso,1988
-0.2605195666239551,-1.7338845949770778,-1.6029353349465336,0.40136467274505055,-0.43286408229627893,-0.4711550740016548,Burkina Faso,1989
-0.14203330136083062,-2.248297219673707,-1.8481569334318784,0.42806005112158646,-1.0560526742493137,-0.5468119916424853,Burundi,1984
-0.22570064282559277,-2.2414484513340938,-1.834801220486623,0.41004152074585903,-1.0775588794702773,-0.5648805984358727,Burundi,1985
-0.029811277541837294,-2.234297101111902,-1.7890888370191973,0.3971949354820965,-1.1078289437730335,-0.5925313944477595,Burundi,1986
-0.026023802159037553,-2.2271980105897797,-1.7256576204062934,0.39403911405622855,-1.1169614273363062,-0.6222085526490492,Burundi,1987
3.3604369450766834e-4,-2.2203762407264,-1.7149454761033673,0.4024689566223869,-1.1305056524440635,-0.6240217030503923,Burundi,1988
-0.03189128968428663,-2.214258173436421,-1.7654542644443083,0.42196373361512307,-1.1260112628562242,-0.638209158664821,Burundi,1989
-0.604899014327685,-1.500859473922861,-0.6045543343351747,0.26668605541740026,-1.0560526742493137,-0.5468119916424853,Cameroon,1984
-0.8711353154335676,-1.4901285211342987,-0.5916077030074057,0.25899161859684905,-1.0775588794702773,-0.5648805984358727,Cameroon,1985
-0.6610070992874952,-1.4794520332269225,-0.5551352004813255,0.2496429138342943,-0.7023638356648693,-0.5124886867742232,Cameroon,1986
-0.7517916727692057,-1.4689061337272655,-0.4641863240191413,0.24068063897609773,-0.7114963192281417,-0.5421658449755129,Cameroon,1987
-0.44352639847384856,-1.4582686409634273,-0.3635673800897046,0.23673216379807852,-0.725040544335899,-0.5439789953768559,Cameroon,1988
-0.012646919826070135,-1.447423922682842,-0.31738254362817464,0.240418574375697,-0.7205461547480598,-0.5581664509912845,Cameroon,1989
0.4365853824093108,-2.8713247129572133,-1.5874306709686257,0.4221152353122659,-1.0560526742493137,-0.5468119916424853,Central African Republic,1984
0.12140189791723191,-2.866751610742163,-1.6524796636926684,0.4462031606849954,-1.0775588794702773,-0.5648805984358727,Central African Republic,1985
0.2544809680617696,-2.8661732093416954,-1.5923785427731432,0.46935445834779804,-1.1078289437730335,-0.5925313944477595,Central African Republic,1986
0.5272000255864449,-2.8686823710535587,-1.4743431921253876,0.4918102756090603,-0.7114963192281417,-0.5421658449755129,Central African Republic,1987
0.6726222119841915,-2.8719800043399317,-1.316037768541362,0.5143811866304657,-0.725040544335899,-0.5439789953768559,Central African Republic,1988
0.5385357532221363,-2.8732494444116625,-1.1864203906517843,0.5390993105243821,-0.7205461547480598,-0.5581664509912845,Central African Republic,1989
-0.4239555417948002,-2.1780173600724844,-2.0094250810280005,0.45107843506776185,-1.749199854809259,-0.6209199637962072,Chad,1984
-0.02920123877163746,-2.1714308961937006,-2.0305457976127186,0.4703007122640558,-1.7707060600302227,-0.6389885705895947,Chad,1985
-0.27778137873055786,-2.163112710684653,-1.9541685873786458,0.4876645291746832,-1.800976124332979,-0.6666393666014814,Chad,1986
-0.07399355589178601,-2.15327364455582,-1.879808300233552,0.5033859675669495,-1.1169614273363062,-0.6222085526490492,Chad,1987
0.18456220778945004,-2.142084680265245,-1.9091014905443247,0.517401685151281,-1.1305056524440635,-0.6240217030503923,Chad,1988
0.0784949758519134,-2.1299466529617956,-1.8260788862607433,0.5304262292709534,-1.1260112628562242,-0.638209158664821,Chad,1989
-3.580970723636764,-1.287533847690659,0.3178526245564164,-1.263857914547037,-0.3629054936893685,-0.37975790697931905,Chile,1984
-2.195301509911701,-1.2936528079063787,0.19041876702657395,-1.3164587465472934,-0.38441169891033206,-0.3978265137727065,Chile,1985
-4.902157211210551,-1.2994380649076995,0.09269678386657736,-1.3349457157738478,-0.41468176321308836,-0.42547730978459325,Chile,1986
-2.8663942792848105,-1.304951155603737,0.052403004463599516,-1.327491918256577,-0.4238142467763609,-0.45515446798588305,Chile,1987
-2.2611261497128563,-1.3098316303327553,0.09943208171246025,-1.3134578668500096,-0.03189336377595373,-0.256296922925075,Chile,1988
-2.03131087439889,-1.3138388591080759,0.18604249131964468,-1.3086001745860123,0.26028309826366636,-0.019169950258597614,Chile,1989
-3.798721090426135,3.1649877971004803,-1.914114901223676,-0.5570118896289299,-0.6505875661411494,-0.46676928396894896,China,1984
-3.701514210136057,3.1577661647604542,-1.791316108546884,-0.5511649031901694,-0.672093771362113,-0.4848378907623364,China,1985
-3.670952302471039,3.151586288918659,-1.6287461869440178,-0.5377443554701317,-0.7023638356648693,-0.5124886867742232,China,1986
-3.453018234794671,3.1463966226173103,-1.5231333562948195,-0.518928567050514,-0.7114963192281417,-0.5421658449755129,China,1987
-3.1043459794299606,3.1415491201529333,-1.5036363824361603,-0.49657170688082924,-0.725040544335899,-0.5439789953768559,China,1988
-3.0777955295696766,3.1365800012255542,-1.522892627272997,-0.4715305701666482,-1.8191584434161696,-0.712317130818543,China,1989
-3.0040902180356555,-0.4002775494206041,-0.13378412781924368,-0.6786287957960353,0.5533852381847866,0.40869945338495123,Colombia,1984
-3.0269033498440696,-0.40019984045929535,-0.09628626577738032,-0.7024195485577758,0.531879032963823,0.3906308465915637,Colombia,1985
-3.2008671998141502,-0.40072293703681355,-0.10027733704358464,-0.7233654674612517,0.5016089686610667,0.36298005057967686,Colombia,1986
-2.7281952291747964,-0.40177778190763774,-0.12441647517637172,-0.7423683707739415,0.49247648509779424,0.3333028923783871,Colombia,1987
-2.737381075288112,-0.4028226876363542,-0.1414395728953303,-0.7584610247708815,0.4789322599900369,0.33148974197704417,Colombia,1988
-2.8522044372261735,-0.40336636845078,-0.15994563015009755,-0.7707458784321023,0.26028309826366636,-0.019169950258597614,Colombia,1989
0.3418472713543267,-3.0872870901862353,-0.2602252262187417,-0.16601220314912304,-1.0560526742493137,-0.5468119916424853,"Congo, Rep.",1984
-0.07407271374259486,-3.0798282656786093,-0.27548769523509137,-0.1644357061394749,-1.0775588794702773,-0.5648805984358727,"Congo, Rep.",1985
0.2299894268996712,-3.0730168502492075,-0.2947202543698841,-0.1625363325620058,-1.1078289437730335,-0.5925313944477595,"Congo, Rep.",1986
0.4560604549846748,-3.066713108587806,-0.3342741897789317,-0.15953221103167858,-1.1169614273363062,-0.6222085526490492,"Congo, Rep.",1987
7.840937291466682e-4,-3.060338739559122,-0.3335651297859057,-0.15316732651348822,-1.1305056524440635,-0.6240217030503923,"Congo, Rep.",1988
-0.01625476187130682,-3.053364483394751,-0.40901286647409896,-0.14117767951502827,-1.1260112628562242,-0.638209158664821,"Congo, Rep.",1989
0.7796924910222957,-2.7990181829776724,-0.4201898759114199,-1.3833665761708904,0.8157495026522776,1.3249901852591062,Costa Rica,1984
0.9332308054119223,-2.7930120645602483,-0.3184537311185346,-1.3468408302354162,0.7942432974313142,1.3069215784657187,Costa Rica,1985
0.47152069164023397,-2.7875525288830985,-0.15814471936413335,-1.3219753653312203,0.7639732331285577,1.2792707824538319,Costa Rica,1986
0.6619120618807781,-2.7825755945047197,-0.026490938006063513,-1.3248358741984605,0.7548407495652852,1.249593624252542,Costa Rica,1987
0.46168965775928456,-2.7774939895598783,0.0702565925785286,-1.3630548079893816,0.7412965244575279,1.247780473851199,Costa Rica,1988
0.6141410607908234,-2.771765087245089,0.08654528516110323,-1.421600146801796,0.7457909140453672,1.2335930182367705,Costa Rica,1989
-0.9786122953678186,-1.524474695556071,-0.5743405557386781,0.34879322075729496,-0.3629054936893685,-0.37975790697931905,Cote d'Ivoire,1984
-1.1176528949553033,-1.5053982144632327,-0.7142100250997381,0.3646616838624713,-0.38441169891033206,-0.3978265137727065,Cote d'Ivoire,1985
-0.8685647507777967,-1.4879725908088393,-0.75019578305271,0.3827727269072048,-0.41468176321308836,-0.42547730978459325,Cote d'Ivoire,1986
-0.579883907106981,-1.4719739045085862,-0.6974969926887953,0.4020903060195868,-0.4238142467763609,-0.45515446798588305,Cote d'Ivoire,1987
-0.012875528176643192,-1.456525216813305,-0.609818506414064,0.42256532672516467,-0.725040544335899,-0.5439789953768559,Cote d'Ivoire,1988
-0.15668090548347918,-1.4407379096746087,-0.5497854203551812,0.44452288563568526,-0.43286408229627893,-0.4711550740016548,Cote d'Ivoire,1989
-0.38957058851854137,-1.9333517705413827,-0.18487578897695486,-0.26593422817601076,0.6486954179891115,0.6318430046991608,Dominican Republic,1984
-0.3364587169278982,-1.9334855168122367,-0.1041294432384062,-0.2681340019141193,0.6271892127681479,0.6137743979057734,Dominican Republic,1985
-1.3318717064870782,-1.9342138894868777,-0.13709131016630108,-0.27176671760412663,0.5969191484653915,0.5861236018938867,Dominican Republic,1986
-0.8589603718381199,-1.9354836585003148,-0.25618575280749506,-0.27700512108470815,0.5877866649021191,0.5564464436925969,Dominican Republic,1987
-0.8876852093490146,-1.9367881405308114,-0.3635673800897046,-0.28345449880984397,0.5742424397943618,0.5546332932912538,Dominican Republic,1988
-0.7584936876797352,-1.9376894896488444,-0.4715332234554329,-0.2907919183331986,0.5787368293822011,0.5404458376768251,Dominican Republic,1989
-1.4912962720446798,-1.599252211918922,0.4109430476224284,-0.25665537628042107,0.6486954179891115,0.6318430046991608,Ecuador,1984
-1.4219791245481268,-1.5952260889944625,0.3500008368510393,-0.27691368956616513,0.531879032963823,0.3906308465915637,Ecuador,1985
-1.362245339195088,-1.5916183042869785,0.2984718290991429,-0.29826438483622836,0.5016089686610667,0.36298005057967686,Ecuador,1986
-0.6898440289308523,-1.5884061294429004,0.26584446997135874,-0.32073832581242157,0.49247648509779424,0.3333028923783871,Ecuador,1987
-0.9271970772300607,-1.5851577335151357,0.18511136845582377,-0.3427604127686901,0.5742424397943618,0.5546332932912538,Ecuador,1988
-1.0520214897738758,-1.581526116563217,0.0552927416569989,-0.3626176529044541,0.5787368293822011,0.5404458376768251,Ecuador,1989
0.07082566125646507,0.09161686489209311,-0.9887743338296029,0.2556804415807983,0.1967102942460543,-0.06130417586078449,"Egypt, Arab Rep.",1984
-0.00452098185468878,0.09731738701107785,-0.8539719674748968,0.21898628398314973,0.1752040890250906,-0.07937278265417197,"Egypt, Arab Rep.",1985
-0.2009349975847843,0.10317496743345372,-0.7349283109219215,0.1769340612866112,-0.009216655104923952,-0.2248066143224422,"Egypt, Arab Rep.",1986
-0.19161485028633998,0.109035243773002,-0.6616508609156595,0.13310036657995836,-0.01834913866819643,-0.254483772523732,"Egypt, Arab Rep.",1987
-0.3245625147860219,0.11479956601011028,-0.56536674384323,0.09081899682031339,-0.03189336377595373,-0.256296922925075,"Egypt, Arab Rep.",1988
-0.29036665156426694,0.12018581563871104,-0.5556163406659744,0.05342956453424728,-0.027398974188114503,-0.27048437853950363,"Egypt, Arab Rep.",1989
0.3520744244100948,-2.195624200679676,-0.7930297567035076,-0.1298636890328119,0.1967102942460543,-0.06130417586078449,El Salvador,1984
0.6000542995661953,-2.203050498437453,-0.7288088245208908,-0.152684689603956,0.4265185173059967,0.2083092897976089,El Salvador,1985
0.4886075687357354,-2.2109181261868325,-0.668970343130124,-0.17801525668465143,0.278465417346857,0.026507813958463963,El Salvador,1986
0.7284240795765186,-2.2191939459358703,-0.6202656447528051,-0.20436001241414853,0.26933293378358436,-0.003169344242825942,El Salvador,1987
0.6908389168882575,-2.2272533977630498,-0.5841760758007262,-0.23110609905368024,0.37357174433221063,0.14916818518308939,El Salvador,1988
0.602027822138302,-2.23452349077612,-0.5733159177653753,-0.25768275972591964,0.26028309826366636,-0.019169950258597614,El Salvador,1989
1.0017252497375222,-3.995700795484972,1.1151400643689586,-0.1122679271424322,-0.6505875661411494,-0.46676928396894896,Gabon,1984
0.7080590981322994,-3.9895892643655895,1.111974208340837,-0.11074182816269017,-0.672093771362113,-0.4848378907623364,Gabon,1985
0.8302897240385884,-3.9832855900209374,1.0879088613517105,-0.10749099133027185,-0.7023638356648693,-0.5124886867742232,Gabon,1986
0.852266204420872,-3.9768759355031884,1.0289125963308092,-0.1024657047328084,-0.7114963192281417,-0.5421658449755129,Gabon,1987
1.1101889221337045,-3.9700601353075853,0.9421553687058264,-0.09586851253290882,-0.725040544335899,-0.5439789953768559,Gabon,1988
1.270720223052595,-3.962653905719668,0.9334034884737374,-0.0872450749239623,-0.43286408229627893,-0.4711550740016548,Gabon,1989
-0.6925568395885399,-1.260777820779599,-1.4787968299658305,0.25114299996684464,-1.0560526742493137,-0.5468119916424853,Ghana,1984
-0.8671343461216661,-1.2516051480332713,-1.451808968230517,0.2667017570228164,-1.0775588794702773,-0.5648805984358727,Ghana,1985
-0.3917417125504534,-1.2432737179594608,-1.383623728911033,0.2750142535763123,-1.1078289437730335,-0.5925313944477595,Ghana,1986
-0.28521753292257646,-1.2355131591886437,-1.3134128253127504,0.2755425571423166,-1.1169614273363062,-0.6222085526490492,Ghana,1987
0.06227082179909443,-1.2277296172338414,-1.2523219541552544,0.2692827367602573,-0.725040544335899,-0.5439789953768559,Ghana,1988
0.21714387309216926,-1.2193103342555736,-1.2429326009151265,0.2577300280469771,-0.43286408229627893,-0.4711550740016548,Ghana,1989
-1.7378367643554438,-1.6941412991880662,-0.31840718160147746,0.024709555770098365,-0.3629054936893685,-0.37975790697931905,Guatemala,1984
-1.3665391901159643,-1.6907616389354403,-0.27548769523509137,0.017360364567768505,0.1752040890250906,-0.07937278265417197,Guatemala,1985
-1.023274951427236,-1.6880062374332891,-0.2286585036917915,0.007994073188487903,0.39624845300324035,0.18065849378572207,Guatemala,1986
-0.37492114205299154,-1.6857495099383872,-0.25150190349506873,-0.003610678961943792,0.38711596943996796,0.1509813355844324,Guatemala,1987
-0.4851035238309005,-1.68341893618043,-0.3434662007686174,-0.017111742393058408,0.37357174433221063,0.14916818518308939,Guatemala,1988
-0.4203389773318062,-1.680481741286196,-0.4345897082637487,-0.032242996151359636,0.3780661339200499,0.13498072956866078,Guatemala,1989
-0.6079141139732628,-1.9552386516730773,-1.8064842370313106,0.44610123690414044,-1.0560526742493137,-0.5468119916424853,Haiti,1984
-0.5068536966357714,-1.95332071464834,-1.7294407048287967,0.45089900709412456,-1.0775588794702773,-0.5648805984358727,Haiti,1985
-0.3866488016516224,-1.9523277988248378,-1.6287461869440178,0.45419937288013645,-0.009216655104923952,-0.2248066143224422,Haiti,1986
-0.2329608805881333,-1.9521432228323308,-1.5231333562948195,0.4558098998436582,-0.4238142467763609,-0.45515446798588305,Haiti,1987
-0.6562565952393031,-1.9522370743301058,-1.4420784894367271,0.45656161574163956,-0.725040544335899,-0.5439789953768559,Haiti,1988
-0.3969114477849365,-1.9521018825509608,-1.406820456020243,0.45631825711723134,-0.7205461547480598,-0.5581664509912845,Haiti,1989
0.41051841081889767,-2.3546519074655645,-0.39003683774073233,-0.21956830761808507,0.5533852381847866,0.40869945338495123,Honduras,1984
0.4291402477251964,-2.345545029892558,-0.3039256305556248,-0.2329221202846309,0.531879032963823,0.3906308465915637,Honduras,1985
0.4080034956346476,-2.336887444186099,-0.20608418165325254,-0.24859277503899072,0.5016089686610667,0.36298005057967686,Honduras,1986
0.322893832409317,-2.3286342883024527,-0.12854019236023387,-0.26590417452526177,0.49247648509779424,0.3333028923783871,Honduras,1987
0.48094931970544064,-2.320335049781035,-0.05952245042744354,-0.28249526612238346,0.4789322599900369,0.33148974197704417,Honduras,1988
0.23605794474573544,-2.311623725486013,-0.05537282623052065,-0.2997427488532831,0.4834266495778762,0.31730228636261537,Honduras,1989
-2.760384192352691,2.863338940044529,-1.655253267307387,0.33215697755492274,0.5533852381847866,0.40869945338495123,India,1984
-2.8837890650436897,2.865098844447006,-1.6161120195217935,0.3359335485921372,0.531879032963823,0.3906308465915637,India,1985
-2.788398387864944,2.866254610042675,-1.574678965673742,0.3391938898631285,0.5016089686610667,0.36298005057967686,India,1986
-2.965641303726794,2.8668677379190672,-1.5231333562948195,0.3403152585663235,0.49247648509779424,0.3333028923783871,India,1987
-2.8138627391390805,2.8673871044974266,-1.4571163668012674,0.33963672825428404,0.4789322599900369,0.33148974197704417,India,1988
-2.9668503200701064,2.8681949497093537,-1.3932148039644645,0.3374206230408191,0.4834266495778762,0.31730228636261537,India,1989
-2.123425485806998,1.3057190548207671,-1.0069566529127933,0.03165622090099471,-0.3629054936893685,-0.37975790697931905,Indonesia,1984
-2.3127880168192143,1.3060698462847466,-0.9875033600994194,0.03106367850929837,-0.38441169891033206,-0.3978265137727065,Indonesia,1985
-2.2720323511121743,1.305366270609171,-0.9927574202240212,0.028237679465134603,-0.41468176321308836,-0.42547730978459325,Indonesia,1986
-1.7421766403110492,1.3037160131110028,-0.9925051052326492,0.02292719123771665,-0.4238142467763609,-0.45515446798588305,Indonesia,1987
-1.469571361814869,1.3016514987620327,-1.0120421205980572,0.015440860644689944,-0.21421492056990837,-0.36165743858290117,Indonesia,1988
-1.397042176476981,1.299659981626323,-1.0723070838843631,0.005270779950137819,-0.20972053098206914,-0.3758448941973299,Indonesia,1989
-5.299249772882784,0.03818350622244503,0.777128181562153,-0.1768064482800034,-0.3629054936893685,-0.37975790697931905,"Iran, Islamic Rep.",1984
-5.009793867651798,0.05773812370411258,0.8215657466637272,-0.20792081807921364,-0.38441169891033206,-0.3978265137727065,"Iran, Islamic Rep.",1985
-4.3243488799098495,0.0762944397758848,0.8745096015121788,-0.23546348359719796,-0.41468176321308836,-0.42547730978459325,"Iran, Islamic Rep.",1986
-3.367075684980733,0.09356923267396432,0.9589916505313041,-0.26131490534162094,-0.4238142467763609,-0.45515446798588305,"Iran, Islamic Rep.",1987
-3.231091995559374,0.10875252647342983,0.9407789059971031,-0.287300657397322,-0.4373584718841182,-0.4569676183872261,"Iran, Islamic Rep.",1988
-3.181942515414195,0.12079374907356269,0.7949599378518372,-0.31382748873502214,-0.43286408229627893,-0.4711550740016548,"Iran, Islamic Rep.",1989
2.1740816709161517,-2.3536559801003705,1.4863246175753775,-1.726075839247651,0.6486954179891115,0.6318430046991608,Israel,1984
2.5586047829384855,-2.3568583028449215,1.5378442592470916,-1.7420756700927655,0.6271892127681479,0.6137743979057734,Israel,1985
2.413389620196636,-2.3624406920028496,1.5539265892602223,-1.765527808489786,0.5969191484653915,0.5861236018938867,Israel,1986
1.9645586414819813,-2.3675146967146197,1.596290389601721,-1.7932492566208613,0.5877866649021191,0.5564464436925969,Israel,1987
1.974759070110319,-2.37189233453393,1.7031025959106438,-1.8162513189187361,0.5742424397943618,0.5546332932912538,Israel,1988
1.8832249251669522,-2.3752284608477194,1.8465229703328754,-1.8378595000408409,0.5787368293822011,0.5404458376768251,Israel,1989
0.7361924094718632,-2.9432575152163714,-0.11105587674168757,-0.9094844675965839,0.5533852381847866,0.40869945338495123,Jamaica,1984
0.6747474666859623,-2.9515389816944637,-0.13613217432458005,-0.9068459759190475,0.531879032963823,0.3906308465915637,Jamaica,1985
0.6067476340498372,-2.962941051530799,-0.2898540647187113,-0.9062537570558667,0.5016089686610667,0.36298005057967686,Jamaica,1986
0.5221171413479658,-2.9768859492023636,-0.38103595568697096,-0.9061953449317318,0.5877866649021191,0.5564464436925969,Jamaica,1987
0.6904239812583757,-2.9919501679495837,-0.29018483415568064,-0.9079927587418452,0.5742424397943618,0.5546332932912538,Jamaica,1988
0.9876773449719043,-3.006386848810681,-0.11755007118241194,-0.9113882082345683,0.5787368293822011,0.5404458376768251,Jamaica,1989
1.992706866330762,-2.754875604745262,0.21789752746549812,-0.6799100259520837,-0.13976194237515874,-0.2844477271749941,Jordan,1984
1.7559648336935987,-2.735041630982301,0.24464032119321286,-0.691681190336643,-0.16126814759612226,-0.3025163339683816,Jordan,1985
1.649464623404023,-2.7171241334423413,0.2572004973437381,-0.7037294929443927,-0.19153821189887857,-0.3301671299802684,Jordan,1986
1.6375052000050283,-2.7004422047762966,0.29331872552360694,-0.7160510624565681,-0.2006706954621511,-0.3598442881815582,Jordan,1987
1.3262171507015739,-2.6823262506276717,0.3571159582788461,-0.7280635475865104,-0.4373584718841182,-0.4569676183872261,Jordan,1988
0.9089649623060402,-2.659719525513586,0.3524535580633235,-0.74079880206415,-0.20972053098206914,-0.3758448941973299,Jordan,1989
-0.47605356929145054,-0.8268159324628774,-1.4078450939935458,-0.1553332305732685,-0.3629054936893685,-0.37975790697931905,Kenya,1984
-0.5221079924437327,-0.8102018043035298,-1.4670764403613057,-0.14569979508200498,-0.38441169891033206,-0.3978265137727065,Kenya,1985
-0.630086554338399,-0.7944375073249077,-1.4905958484632007,-0.13227924736196717,-0.41468176321308836,-0.42547730978459325,Kenya,1986
-0.43204047535909573,-0.7794941620556323,-1.4430906486212831,-0.11267388132533236,-0.7114963192281417,-0.5421658449755129,Kenya,1987
-0.031992292786935946,-0.7649936179168076,-1.3840912317863776,-0.08557954167051918,-0.725040544335899,-0.5439789953768559,Kenya,1988
0.1411807926731417,-0.7506297395160556,-1.3405710704790423,-0.05076204391859725,-0.7205461547480598,-0.5581664509912845,Kenya,1989
0.6548222651833621,-3.3803619249608476,-0.9533724067786871,0.10796441396431909,-0.13976194237515874,-0.2844477271749941,Lesotho,1984
0.5124794320076963,-3.3770334898586305,-1.006734722027307,0.09750414870573633,-0.16126814759612226,-0.3025163339683816,Lesotho,1985
0.30416161491462285,-3.3750532806412346,-1.1179205631780271,0.0891373233832934,-0.19153821189887857,-0.3301671299802684,Lesotho,1986
0.4923375338961805,-3.374301510955067,-1.2354512838430387,0.08440279071668963,-0.4238142467763609,-0.45515446798588305,Lesotho,1987
0.5433817890255785,-3.3738061888534356,-1.2523219541552544,0.0835317833866289,-0.725040544335899,-0.5439789953768559,Lesotho,1988
0.6989829329977988,-3.3725344570620406,-1.1754913201195938,0.0865588882941266,-0.43286408229627893,-0.4711550740016548,Lesotho,1989
-0.8046536658676847,-1.4985019992348823,-1.3808164216056265,0.34097169480086914,-0.3629054936893685,-0.37975790697931905,Madagascar,1984
-0.6790345238998958,-1.4908547445399505,-1.4219560050808362,0.37528288738068477,-0.38441169891033206,-0.3978265137727065,Madagascar,1985
-0.2983802077063251,-1.4836317998627297,-1.4905958484632007,0.4022629030213396,-0.19153821189887857,-0.3301671299802684,Madagascar,1986
-0.256915925247661,-1.4766998687881128,-1.5399404746112009,0.4212452948604147,-0.2006706954621511,-0.3598442881815582,Madagascar,1987
-0.3611236159878147,-1.4694389061985202,-1.6037198409931428,0.4319949109754611,-0.21421492056990837,-0.36165743858290117,Madagascar,1988
-0.26392997759488424,-1.461272635128194,-1.7082958506043597,0.43450610739221396,-0.027398974188114503,-0.27048437853950363,Madagascar,1989
-0.2768370981391612,-1.8380894602033786,-2.1429564736525233,0.6183234565950521,-1.0560526742493137,-0.5468119916424853,Malawi,1984
-0.8494482755849054,-1.8162513781459018,-2.1151031856407814,0.6519955062672016,-1.0775588794702773,-0.5648805984358727,Malawi,1985
-0.4636455793644118,-1.7839771594241445,-2.121222672041812,0.6918961956043824,-1.1078289437730335,-0.5925313944477595,Malawi,1986
-0.16955585531658607,-1.7451178903381364,-2.183490714031774,0.7297638395149116,-1.1169614273363062,-0.6222085526490492,Malawi,1987
0.11464797224994926,-1.7069776524443152,-2.245573727165538,0.7599169221475891,-1.1305056524440635,-0.6240217030503923,Malawi,1988
0.13632679982460974,-1.6777114704259122,-2.2632926926834878,0.7790269516802631,-1.1260112628562242,-0.638209158664821,Malawi,1989
-0.473130490846387,-1.0581420519563927,0.20705731291263327,-1.277747026707704,0.1967102942460543,-0.06130417586078449,Malaysia,1984
-0.9116615285995329,-1.0525671345450929,0.28812543313295175,-1.3114836119071795,0.1752040890250906,-0.07937278265417197,Malaysia,1985
-1.222531473950102,-1.0455049481421659,0.34069445952148947,-1.3454444998720674,0.14493402472233424,-0.10702357866605866,Malaysia,1986
-0.6053287621055374,-1.0373560205436052,0.31741627710266745,-1.376548075245771,0.13580154115906182,-0.13670073686734846,Malaysia,1987
-1.8676145774984227,-1.0284631177355126,0.2986494997788822,-1.406351613742706,-0.03189336377595373,-0.256296922925075,Malaysia,1988
-1.6320499756188518,-1.0194434515400734,0.3188772625297194,-1.4339459826240954,-0.027398974188114503,-0.27048437853950363,Malaysia,1989
0.19016505741469852,-1.7383787171526501,-2.0873866224977125,0.6010238195099805,-1.0560526742493137,-0.5468119916424853,Mali,1984
0.2898805628677942,-1.7415655318810594,-2.1449561487904627,0.6056579224489232,-1.0775588794702773,-0.5648805984358727,Mali,1985
0.16600530840493283,-1.7472908884125864,-2.091369708892131,0.609471338565859,-1.1078289437730335,-0.5925313944477595,Mali,1986
0.10688589241695326,-1.7548600178825762,-1.9798917587905343,0.6127028408836747,-1.1169614273363062,-0.6222085526490492,Mali,1987
0.3177066575839894,-1.762341877174656,-1.862581474909432,0.6158013650763693,-0.725040544335899,-0.5439789953768559,Mali,1988
0.2951852727271835,-1.7674141199306066,-1.7269879836165125,0.6191420181979186,-0.7205461547480598,-0.5581664509912845,Mali,1989
1.0670960252064812,-3.230382733719555,-1.2439572388884295,0.12301099413246781,-1.0560526742493137,-0.5468119916424853,Mauritania,1984
1.1702622405723344,-3.2231390462891563,-1.2347444629926898,0.12560764249798584,-1.0775588794702773,-0.5648805984358727,Mauritania,1985
1.1393224850552965,-3.216684774064051,-1.2610214068187007,0.12312267628252135,-1.1078289437730335,-0.5925313944477595,Mauritania,1986
0.9438025745448588,-3.2109031416185605,-1.2607690918273284,0.11629324826357734,-0.7114963192281417,-0.5421658449755129,Mauritania,1987
0.8935018121073055,-3.205252729920986,-1.2159543099843793,0.10848383300011863,-0.725040544335899,-0.5439789953768559,Mauritania,1988
1.1488676450408604,-3.1992424029118185,-1.1646804040153782,0.10338863590866107,-1.1260112628562242,-0.638209158664821,Mauritania,1989
-0.03955105861698537,-3.766783714390552,-0.2777695358696512,-1.0420946257017858,0.6486954179891115,0.6318430046991608,Mauritius,1984
-0.3264343017311296,-3.779449123961726,-0.2943561795394741,-1.0958120754316707,0.6271892127681479,0.6137743979057734,Mauritius,1985
0.2642086711862164,-3.792857829235292,-0.2753959815434814,-1.1112801075435783,0.5969191484653915,0.5861236018938867,Mauritius,1986
0.4088730892768642,-3.8066025553997185,-0.17506020799512673,-1.08121379154071,0.5877866649021191,0.5564464436925969,Mauritius,1987
0.34828747229302187,-3.8206667635453897,0.012711106931927953,-1.0461430972226622,0.5742424397943618,0.5546332932912538,Mauritius,1988
0.3581136414619341,-3.8333084341486168,0.21080304100029681,-1.047290206473427,0.5787368293822011,0.5404458376768251,Mauritius,1989
-3.307117006617954,0.5298884181035246,0.593264604416383,-0.45063148607035813,0.3302416868705768,0.07222721676373814,Mexico,1984
-2.902161575079952,0.530746749657406,0.4897627792261978,-0.4656046946455995,0.1752040890250906,-0.07937278265417197,Mexico,1985
-2.452538947460492,0.530732673893283,0.48482836110527655,-0.48058594163018287,0.14493402472233424,-0.10702357866605866,Mexico,1986
-2.8911023183437043,0.5299284748632113,0.45786811257176385,-0.4943515547145919,0.13580154115906182,-0.13670073686734846,Mexico,1987
-2.8666759989374397,0.5288403041929137,0.37425224052183337,-0.509721926267708,0.25578870867582715,-0.0049824946441689565,Mexico,1988
-3.3623510139789983,0.5279104359494308,0.3261676957923986,-0.5263889307186949,0.26028309826366636,-0.019169950258597614,Mexico,1989
-0.7991530806761832,-0.6877680583549882,-0.5450129406441582,0.09800242123557154,0.0425596144187959,-0.17908721151716792,Morocco,1984
0.061719478815535245,-0.6862935115112311,-0.6175831894106663,0.08652842876715144,0.021053409197832263,-0.19715581831055554,Morocco,1985
-0.7732101936949566,-0.6861842793088201,-0.668970343130124,0.07202121615076272,-0.009216655104923952,-0.2248066143224422,Morocco,1986
-0.7932528886467204,-0.6872955441594537,-0.6407441760963458,0.05547243645612646,-0.01834913866819643,-0.254483772523732,Morocco,1987
-0.6513312929988865,-0.6889683194745158,-0.5530209080209307,0.03865681715783593,-0.03189336377595373,-0.256296922925075,Morocco,1988
-0.6718081946944363,-0.6905352962322753,-0.429421738105306,0.020616349624798212,0.1267517056391438,-0.1527013428831202,Morocco,1989
-1.2795902651607693,-0.9769364655158382,-2.331008705155463,0.5198230341158163,0.3302416868705768,0.07222721676373814,Nepal,1984
-1.1750166657562304,-0.9749255540820118,-2.2402663285947875,0.5160229616021511,0.30873548164961323,0.05415860997035065,Nepal,1985
-0.9827509754137018,-0.9736098319787339,-2.1519943307085656,0.5093682191585438,0.278465417346857,0.026507813958463963,Nepal,1986
-0.7854939117097208,-0.9728046567636494,-2.12097035705044,0.5003977049377077,0.26933293378358436,-0.003169344242825942,Nepal,1987
-0.6449464238603039,-0.9714730217955816,-2.0914230473382793,0.4885535308136226,0.25578870867582715,-0.0049824946441689565,Nepal,1988
-0.57797485563334,-0.9685030298194787,-2.0596937374422484,0.47260147336785524,-0.027398974188114503,-0.27048437853950363,Nepal,1989
-0.1781522333984393,-2.4861297108333615,-0.7856496494058851,-0.13952559994454877,-0.13976194237515874,-0.2844477271749941,Nicaragua,1984
-0.2928618151501655,-2.482197900455827,-0.7142100250997381,-0.1573685389163824,-0.16126814759612226,-0.3025163339683816,Nicaragua,1985
-0.05238548659746593,-2.479753670672521,-0.6832563003776004,-0.17228458197566632,-0.41468176321308836,-0.42547730978459325,Nicaragua,1986
-0.0791653579838802,-2.4785956194493903,-0.6476646189409195,-0.1846591611091003,-0.2006706954621511,-0.3598442881815582,Nicaragua,1987
0.3532713874124858,-2.47782007291619,-0.56536674384323,-0.19444575767597397,-0.03189336377595373,-0.256296922925075,Nicaragua,1988
0.3908434678603253,-2.4764761531630035,-0.660327294755005,-0.20270850891500133,-0.20972053098206914,-0.3758448941973299,Nicaragua,1989
-0.38023320439361236,-1.873945318994137,-1.5394214517822653,0.5305799568944246,-1.0560526742493137,-0.5468119916424853,Niger,1984
0.17351963362990777,-1.8659321303395078,-1.7294407048287967,0.5700061704385372,-1.0775588794702773,-0.5648805984358727,Niger,1985
0.05614205414063962,-1.8580722984228533,-1.85653011781473,0.6090977162936254,-1.1078289437730335,-0.5925313944477595,Niger,1986
0.18685419367769285,-1.8502175430934127,-1.7673303168068615,0.6446664568736729,-1.1169614273363062,-0.6222085526490492,Niger,1987
0.23810920774123834,-1.8416570679555198,-1.6955273902462658,0.6745637675554308,-0.725040544335899,-0.5439789953768559,Niger,1988
-0.04621876204029363,-1.8317100501964911,-1.6029353349465336,0.6984179605100831,-1.1260112628562242,-0.638209158664821,Niger,1989
-4.458383719088549,0.6210434086188881,-0.09618571426223621,0.4727694839863017,-0.6505875661411494,-0.46676928396894896,Nigeria,1984
-4.557494189869003,0.6258290010934302,-0.08850412533532538,0.49993250987042703,-0.672093771362113,-0.4848378907623364,Nigeria,1985
-4.086297874790332,0.6308041802271458,-0.2706227027908236,0.5289927246675292,-0.7023638356648693,-0.5124886867742232,Nigeria,1986
-3.9564245190277543,0.6358336370715428,-0.4469939234787685,0.5585294703887191,-0.4238142467763609,-0.45515446798588305,Nigeria,1987
-3.3906869614961983,0.6411948940767449,-0.6361358147314373,0.5872845812444359,-0.21421492056990837,-0.36165743858290117,Nigeria,1988
-2.381568104751355,0.6470197331783539,-0.7628059640379424,0.6143477621112694,-0.43286408229627893,-0.4711550740016548,Nigeria,1989
0.7728056947531207,-3.4205082246418517,1.422139837250551,-0.20033694569019747,-0.6505875661411494,-0.46676928396894896,Oman,1984
0.358371816654475,-3.395359379494452,1.4878338386724301,-0.26464359697435075,-0.672093771362113,-0.4848378907623364,Oman,1985
0.5003220019741823,-3.375377981232679,1.5431156731560067,-0.3312085405555823,-0.7023638356648693,-0.5124886867742232,Oman,1986
-0.3699043618292455,-3.359707268916927,1.5126205916086575,-0.39851602685510606,-0.7114963192281417,-0.5421658449755129,Oman,1987
-2.546285022869224,-3.3453288998785085,1.3849701499354352,-0.46616000646280586,-0.725040544335899,-0.5439789953768559,Oman,1988
-1.0400430855131915,-3.3287486184456,1.2687442899374788,-0.533936136354078,-0.7205461547480598,-0.5581664509912845,Oman,1989
-1.5900866077161562,0.712104041629663,-1.3288566826749155,0.44026302182260363,-0.6505875661411494,-0.46676928396894896,Pakistan,1984
-1.6080030585345129,0.7240987795094916,-1.2976582884032588,0.4547247290822686,0.021053409197832263,-0.19715581831055554,Pakistan,1985
-1.558673150240309,0.7353183328486216,-1.2869968932219613,0.4672034573033431,-0.009216655104923952,-0.2248066143224422,Pakistan,1986
-1.7772951193365008,0.7458302564382118,-1.2999898049806098,0.4774777827082848,-0.01834913866819643,-0.254483772523732,Pakistan,1987
-1.2163945304461523,0.755973491377129,-1.3029656869740094,0.48633377407530975,0.37357174433221063,0.14916818518308939,Pakistan,1988
-1.2565402575803504,0.7660124480729507,-1.2784392893720362,0.4940585851000783,0.3780661339200499,0.13498072956866078,Pakistan,1989
-0.1796565336355685,-3.0040537149378683,0.5400200898975708,-0.8699536288399486,0.3302416868705768,0.07222721676373814,Panama,1984
-0.49120533734025357,-3.002622043192546,0.5850729590305228,-0.8742698054844348,0.021053409197832263,-0.19715581831055554,Panama,1985
-0.9481759309926949,-3.0017043093951123,0.6645365133877142,-0.8794065070196787,-0.009216655104923952,-0.2248066143224422,Panama,1986
-0.8922631010060247,-3.001230216965888,0.7246435002042312,-0.8854692144146149,-0.2006706954621511,-0.3598442881815582,Panama,1987
-1.39733044373415,-3.00071868424074,0.7732238193194494,-0.891992417395404,-0.4373584718841182,-0.4569676183872261,Panama,1988
-1.5801903349423085,-2.999767556941597,0.7029775481401869,-0.9003990866589731,-1.1260112628562242,-0.638209158664821,Panama,1989
0.8381093791946647,-2.3986654185264413,-0.862022628190459,-0.05575571687908997,0.6486954179891115,0.6318430046991608,Papua New Guinea,1984
0.5373652211880844,-2.3934198568476326,-0.8456731646602017,-0.04639003095433279,0.6271892127681479,0.6137743979057734,Papua New Guinea,1985
0.4177325309584485,-2.388958305717685,-0.8219396879115513,-0.03803915861748646,0.5969191484653915,0.5861236018938867,Papua New Guinea,1986
0.5944102672864652,-2.385164856240334,-0.7891641812146191,-0.03014504315318215,0.5877866649021191,0.5564464436925969,Papua New Guinea,1987
0.7583125519203253,-2.3815461672488616,-0.7564219806059393,-0.023011464520246737,0.4789322599900369,0.33148974197704417,Papua New Guinea,1988
0.5896208119894321,-2.3776681320807342,-0.7000676234045191,-0.01631546945525841,0.5787368293822011,0.5404458376768251,Papua New Guinea,1989
-0.9076321369814546,-0.8178029591611254,-0.37529455600352896,0.015797975469535194,0.5533852381847866,0.40869945338495123,Peru,1984
-0.8447215339888099,-0.8154583671398979,-0.4429666789911171,0.01142953993449336,0.531879032963823,0.3906308465915637,Peru,1985
-1.1022841342873357,-0.813637496807159,-0.46443863901051335,0.0011541012407109996,0.5016089686610667,0.36298005057967686,Peru,1986
-1.0272484569589806,-0.8123363462158908,-0.49351393911366137,-0.01499870238950955,0.49247648509779424,0.3333028923783871,Peru,1987
-1.073836010032747,-0.8111936217867932,-0.45938530298693814,-0.03566515028880618,0.4789322599900369,0.33148974197704417,Peru,1988
-1.0318039766779876,-0.8099476966548111,-0.538224597954105,-0.058580692036395036,0.3780661339200499,0.13498072956866078,Peru,1989
-1.5733743363561299,0.1880925399738775,-0.7424774775406763,-0.4048067357071629,0.1967102942460543,-0.06130417586078449,Philippines,1984
-1.4623314255902677,0.194309596360388,-0.8131499729546416,-0.3917249548333912,0.30873548164961323,0.05415860997035065,Philippines,1985
-0.9279328989923273,0.20015033002202137,-0.9263823512791487,-0.38426617062450574,0.39624845300324035,0.18065849378572207,Philippines,1986
-1.1954841518975239,0.2056204434071786,-0.9540388244048531,-0.38391722743395346,0.5877866649021191,0.5564464436925969,Philippines,1987
-1.0749820940062982,0.21105977427746234,-0.9105726604331975,-0.39180519183446916,0.4789322599900369,0.33148974197704417,Philippines,1988
-1.1414269845067824,0.21671006605921467,-0.8609979902171563,-0.40721449369688334,0.4834266495778762,0.31730228636261537,Philippines,1989
-0.21929389480721018,-2.0034965416020634,-1.728012621589815,0.34833482056590787,-0.6505875661411494,-0.46676928396894896,Rwanda,1984
-0.2304172327991365,-1.9838228388431565,-1.709638077532617,0.32777807043191665,-0.672093771362113,-0.4848378907623364,Rwanda,1985
-0.23713490540159693,-1.9577123055447363,-1.6859046007839664,0.3169212542540052,-0.7023638356648693,-0.5124886867742232,Rwanda,1986
-0.13008244159598403,-1.9280742521093892,-1.6101447332844494,0.3123307308042403,-0.7114963192281417,-0.5421658449755129,Rwanda,1987
-0.11539673259425198,-1.9045669001138525,-1.535897244654382,0.31250934753530135,-0.725040544335899,-0.5439789953768559,Rwanda,1988
-0.2577122669794819,-1.8985812508196989,-1.492587277777668,0.31929645955294034,-0.7205461547480598,-0.5581664509912845,Rwanda,1989
-2.497272488209331,-1.2597164496002533,2.137274711528028,-0.2684798383754445,-1.0560526742493137,-0.5468119916424853,Saudi Arabia,1984
-2.8491305608956563,-1.2257082368622116,2.0294311211051745,-0.3010112411452256,-1.0775588794702773,-0.5648805984358727,Saudi Arabia,1985
-2.9142465985790045,-1.1965774528569473,1.9392203385046072,-0.33600471281907535,-1.1078289437730335,-0.5925313944477595,Saudi Arabia,1986
-3.303195073085216,-1.1716540617850475,1.8863628281820308,-0.3725944096036888,-1.1169614273363062,-0.6222085526490492,Saudi Arabia,1987
-3.4415107463165246,-1.1502856061085107,1.7821560859745789,-0.41342765584763475,-1.1305056524440635,-0.6240217030503923,Saudi Arabia,1988
-3.8325990756341533,-1.1317861618746468,1.63770198170318,-0.4585663343799339,-1.1260112628562242,-0.638209158664821,Saudi Arabia,1989
0.5181212495291444,-1.9419709356152157,-0.8004647351910258,0.14628766239503338,0.3302416868705768,0.07222721676373814,Senegal,1984
0.21562559291086603,-1.9323880764374453,-0.9052652618624474,0.14891872136643286,0.30873548164961323,0.05415860997035065,Senegal,1985
0.7685249023395085,-1.923103874229494,-0.917249867715876,0.1465401378319685,0.278465417346857,0.026507813958463963,Senegal,1986
0.8781812622004125,-1.9140475364176248,-0.8467932940512555,0.1386405469555739,0.26933293378358436,-0.003169344242825942,Senegal,1987
0.7804460310833723,-1.9047875731420842,-0.6769578092516926,0.12711591713246495,0.25578870867582715,-0.0049824946441689565,Senegal,1988
0.8861288336034739,-1.8949418659363855,-0.538224597954105,0.11533303803381321,0.26028309826366636,-0.019169950258597614,Senegal,1989
-0.7877297976067895,-2.468570148599499,-1.5239172652463,0.7484363421432619,0.0425596144187959,-0.17908721151716792,Sierra Leone,1984
-0.7691725282111457,-2.4633715418503566,-1.5639262663512232,0.7691978555359769,-0.16126814759612226,-0.3025163339683816,Sierra Leone,1985
-0.5571866943770096,-2.455577496754827,-1.6474383199561706,0.7894866644002767,-0.19153821189887857,-0.3301671299802684,Sierra Leone,1986
-0.8984247755802464,-2.4462636662106942,-1.9039058518126124,0.8084983656356215,-0.2006706954621511,-0.3598442881815582,Sierra Leone,1987
-0.4623072055646309,-2.4382914478744784,-2.0914230473382793,0.8269245021824926,-0.21421492056990837,-0.36165743858290117,Sierra Leone,1988
-0.5481766008158542,-2.435333795206471,-2.1419318356792205,0.8453895554497195,-0.43286408229627893,-0.4711550740016548,Sierra Leone,1989
-0.8440306791947828,-2.7738158093056793,1.3791935184272945,-2.006485152370352,0.0425596144187959,-0.17908721151716792,Singapore,1984
-1.4409920017880644,-2.793287981121177,1.5363187059382544,-2.047729984948977,0.021053409197832263,-0.19715581831055554,Singapore,1985
-1.3186655479965903,-2.815286751825075,1.6286378465941687,-2.084483673688668,-0.009216655104923952,-0.2248066143224422,Singapore,1986
-1.5577237772411077,-2.8214741384124427,1.6570016402569507,-2.1154175051438115,-0.01834913866819643,-0.254483772523732,Singapore,1987
-1.6086848063776122,-2.817044613061323,1.6934157264924226,-2.1447553858907717,-0.03189336377595373,-0.256296922925075,Singapore,1988
-0.21300941596543646,-2.80798799460319,1.7643604950399405,-2.1846170073222275,0.1267517056391438,-0.1527013428831202,Singapore,1989
0.4254675170555613,-1.889633928122591,-2.6537820974185142,0.4259409573004099,-1.749199854809259,-0.6209199637962072,Somalia,1984
0.3770212955192242,-1.905358897198432,-2.59694127253352,0.4419149894484291,-1.7707060600302227,-0.6389885705895947,Somalia,1985
0.6227666224126075,-1.9132458136113812,-2.4822360175791425,0.45724881980868776,-1.800976124332979,-0.6666393666014814,Somalia,1986
0.7566594744858616,-1.9160101187195953,-2.3986020936487193,0.47309373359975027,-1.8101086078962516,-0.6963165248027713,Somalia,1987
0.46326226507036283,-1.9163394760641994,-2.314566598652489,0.4889968914947934,-1.8236528330040087,-0.6981296752041143,Somalia,1988
0.3815686139130799,-1.9185298063372636,-2.296082515506479,0.5034989788791655,-1.8191584434161696,-0.712317130818543,Somalia,1989
-0.24547263915042594,-1.0095666750638541,-1.5711701500968456,-0.8591593837090682,0.3302416868705768,0.07222721676373814,Sri Lanka,1984
-0.28757454271783567,-1.0162232926609411,-1.482580626897271,-0.9269135389698567,0.30873548164961323,0.05415860997035065,Sri Lanka,1985
-0.2656035493307634,-1.023001757606289,-1.3692349914589335,-1.0044592807886492,0.278465417346857,0.026507813958463963,Sri Lanka,1986
-0.4426629620625815,-1.0300019394895163,-1.2607690918273284,-1.0853804642355562,0.26933293378358436,-0.003169344242825942,Sri Lanka,1987
-0.13741904934224405,-1.0369748633238454,-1.2159543099843793,-1.1593071870227512,0.25578870867582715,-0.0049824946441689565,Sri Lanka,1988
-0.23709621247459686,-1.0438245810615463,-1.2086435274364944,-1.2120454395494826,-0.027398974188114503,-0.27048437853950363,Sri Lanka,1989
-0.20030617486614397,-0.966042520630891,-1.198494864811672,0.14235175627379493,-0.6505875661411494,-0.46676928396894896,Sudan,1984
0.321348949791887,-0.9542677884435806,-1.247014555584504,0.16491906271287407,-0.672093771362113,-0.4848378907623364,Sudan,1985
-1.4382483064833437e-4,-0.9440156744553951,-1.2739248116546085,0.18496162733135826,-0.009216655104923952,-0.2248066143224422,Sudan,1986
-0.06996681462878049,-0.9349600995328746,-1.0848784253636643,0.20225783357382424,-0.01834913866819643,-0.254483772523732,Sudan,1987
-0.01692755084328658,-0.925553014762784,-0.7564219806059393,0.21714628425969318,-0.03189336377595373,-0.256296922925075,Sudan,1988
-0.3037615747578319,-0.9140817207510675,-0.6410340918203261,0.2298860018758038,-1.8191584434161696,-0.712317130818543,Sudan,1989
0.5999394423946449,-1.447461827811198,0.1481342399157871,-0.6117722207848656,-1.0560526742493137,-0.5468119916424853,Syrian Arab Republic,1984
0.4594667204541668,-1.4343378311829977,0.17564744970626153,-0.6270592280875877,-1.0775588794702773,-0.5648805984358727,Syrian Arab Republic,1985
0.49358635681896823,-1.4225395684758972,0.1964002983167742,-0.6431048711279578,-1.1078289437730335,-0.5925313944477595,Syrian Arab Republic,1986
0.552118878711291,-1.4118754362032728,0.14457346426325662,-0.65993535975982,-1.1169614273363062,-0.6222085526490492,Syrian Arab Republic,1987
-0.871892950558356,-1.4017795452106354,-0.030000011161121748,-0.6769948293124913,-1.1305056524440635,-0.6240217030503923,Syrian Arab Republic,1988
-1.3582109676952467,-1.3917099320954218,-0.19194836123627135,-0.6952674172561967,-1.8191584434161696,-0.712317130818543,Syrian Arab Republic,1989
-1.3580106014647002,0.15475342077665452,-0.6744240142956606,-0.6010514510397641,0.3302416868705768,0.07222721676373814,Thailand,1984
-1.4378869293971412,0.15199164735335552,-0.5980385933376962,-0.6146212567953708,0.30873548164961323,0.05415860997035065,Thailand,1985
-1.5536799748030226,0.14909312857979137,-0.5551352004813255,-0.6301176756011466,0.39624845300324035,0.18065849378572207,Thailand,1986
-1.550941341899958,0.1459324936347258,-0.5298815832845362,-0.647731818479091,0.38711596943996796,0.1509813355844324,Thailand,1987
-1.3936844997546771,0.14236181391935343,-0.46498755853560797,-0.667086751087795,0.37357174433221063,0.14916818518308939,Thailand,1988
-1.1857356468679885,0.13797710262901536,-0.3454217636925677,-0.6878764006098075,0.4834266495778762,0.31730228636261537,Thailand,1989
0.003784186770423682,-2.6344384504782603,-1.655253267307387,0.273627084771635,-0.6505875661411494,-0.46676928396894896,Togo,1984
-0.059655276437646045,-2.6201934613454707,-1.7702626993490518,0.28345767075125555,-0.672093771362113,-0.4848378907623364,Togo,1985
0.2277701113142073,-2.6079772079876045,-1.7890888370191973,0.29260394660329875,-0.7023638356648693,-0.5124886867742232,Togo,1986
-0.13899958250245478,-2.5973932255224925,-1.7462769076090292,0.3009138968843345,-0.7114963192281417,-0.5421658449755129,Togo,1987
0.3924953282424061,-2.588341772391552,-1.6214194180925439,0.309331378758955,-0.725040544335899,-0.5439789953768559,Togo,1988
0.299391817502599,-2.580774604723319,-1.4487846551192751,0.31768138517764216,-0.7205461547480598,-0.5581664509912845,Togo,1989
-2.0375510918560162,-3.634766229675667,1.4586518294736994,-0.8824342900635579,0.7357067949787413,0.9195250771509417,Trinidad and Tobago,1984
-1.7633954325972012,-3.6425219554936183,1.461035645517706,-0.8823149011692665,0.7142005897577776,0.9014564703575542,Trinidad and Tobago,1985
-0.8900263953693784,-3.6524475338189237,1.466496188589624,-0.8827232596456727,0.6839305254550213,0.8738056743456674,Trinidad and Tobago,1986
-0.3148598228601149,-3.664286835504315,1.3846780358867012,-0.8820562418183748,0.7548407495652852,1.249593624252542,Trinidad and Tobago,1987
-2.0078574473946116,-3.6772206447810993,1.1959121734107292,-0.8797223248035897,0.7412965244575279,1.247780473851199,Trinidad and Tobago,1988
-2.2497652020443257,-3.6903191454112254,1.013243212283794,-0.8769956782748126,0.7457909140453672,1.2335930182367705,Trinidad and Tobago,1989
-0.3302574256249999,-1.8138805490225336,-0.1929729992095742,-0.2391767790064614,-0.13976194237515874,-0.2844477271749941,Tunisia,1984
-0.5026527450970399,-1.807849138832262,-0.18614259489924131,-0.26029765358480345,-0.16126814759612226,-0.3025163339683816,Tunisia,1985
-0.3196530005346506,-1.8035418725555166,-0.17531252298649883,-0.28264624467926336,-0.41468176321308836,-0.42547730978459325,Tunisia,1986
-0.11968518469836208,-1.8007329379765953,-0.1837559149626805,-0.3043524170216032,-0.4238142467763609,-0.45515446798588305,Tunisia,1987
0.02980534921986054,-1.7986270250442093,-0.16197417533703806,-0.32459644214101907,-0.21421492056990837,-0.36165743858290117,Tunisia,1988
-0.1444350396483433,-1.7963582681238381,-0.1365982661531065,-0.3446941367155496,0.1267517056391438,-0.1527013428831202,Tunisia,1989
-1.9271988922729737,0.0946457757021795,-0.00457239633923747,0.04354250410319057,0.1967102942460543,-0.06130417586078449,Turkey,1984
-2.289565675306178,0.09478071292373601,-0.039344889377241885,0.023909176446674,0.1752040890250906,-0.07937278265417197,Turkey,1985
-1.7829429733983013,0.09376739700613354,-0.04938572974719551,0.001840207614109937,0.278465417346857,0.026507813958463963,Turkey,1986
-1.6890553269695259,0.09175373255403996,0.0029229472002297065,-0.022182641331639805,0.38711596943996796,0.1509813355844324,Turkey,1987
-1.9690078902182604,0.08928006673276151,0.11841999395715154,-0.04772256840584167,0.37357174433221063,0.14916818518308939,Turkey,1988
-2.6859294135104155,0.0868522698934603,0.18882413428152148,-0.07360667660261948,0.3780661339200499,0.13498072956866078,Turkey,1989
-2.879611582717299,-2.682906364877395,0.6079707518060784,-1.0006098674325383,0.0425596144187959,-0.17908721151716792,Uruguay,1984
-2.6471582498408015,-2.6973246617537074,0.3323459016123185,-1.0262860127830606,0.6271892127681479,0.6137743979057734,Uruguay,1985
-1.4802019978495893,-2.712046341512281,0.16609494882144515,-1.0427048597837243,0.5969191484653915,0.5861236018938867,Uruguay,1986
-2.0255300512547243,-2.72704464255087,0.17857983224845167,-1.058602345154163,0.5877866649021191,0.5564464436925969,Uruguay,1987
-1.2509893167201058,-2.7417414115041088,0.3421903080621704,-1.0753727355376006,0.5742424397943618,0.5546332932912538,Uruguay,1988
-1.3917691497272096,-2.7555815839445175,0.47858737293712694,-1.0970301886658254,0.6657482063718309,0.8281279101286061,Uruguay,1989
-3.504000657092524,-0.9529964906759644,0.9648281608488661,-0.8761744887150512,0.7357067949787413,0.9195250771509417,"Venezuela, RB",1984
-3.6363959013993736,-0.9479350752593149,0.9678855329104377,-0.8807006958147253,0.7142005897577776,0.9014564703575542,"Venezuela, RB",1985
-3.5360129038911956,-0.9431988881750463,0.9559499334523534,-0.8860510497383474,0.6839305254550213,0.8738056743456674,"Venezuela, RB",1986
-3.4623462340526494,-0.9388305160510897,0.9520035018973758,-0.8923303047945601,0.6747980418917489,0.8441285161443777,"Venezuela, RB",1987
-3.3039054252168705,-0.9345351958005529,0.8985785515067266,-0.900849871229465,0.6612538167839915,0.8423153657430347,"Venezuela, RB",1988
-2.477769399631061,-0.9301354285060971,0.8174327937038958,-0.9132315267288575,0.5787368293822011,0.5404458376768251,"Venezuela, RB",1989
0.024090329479994455,-1.876593290129592,-0.9887743338296029,0.23638070592207133,-0.13976194237515874,-0.2844477271749941,Zambia,1984
0.2427010994874396,-1.8648985404580642,-1.1196751332079025,0.28194595466593353,-0.16126814759612226,-0.3025163339683816,Zambia,1985
0.44828572327278976,-1.8541347787728182,-1.2869968932219613,0.330837979854135,-0.19153821189887857,-0.3301671299802684,Zambia,1986
0.3556332513391977,-1.844246275611005,-1.5399404746112009,0.3811171826393079,-0.2006706954621511,-0.3598442881815582,Zambia,1987
0.47707290466006524,-1.8350758121605157,-1.7149454761033673,0.4287046612386733,-0.4373584718841182,-0.4569676183872261,Zambia,1988
0.1559956983147805,-1.8265871098461544,-1.6197424532629148,0.47029147003064975,-0.43286408229627893,-0.4711550740016548,Zambia,1989
0.00943619692641957,-1.6315677515710747,-0.39998716859390043,-0.21956830761808507,0.0425596144187959,-0.17908721151716792,Zimbabwe,1984
-0.31118542211403105,-1.616250517636951,-0.45407790441618784,-0.2405460453952904,-0.16126814759612226,-0.3025163339683816,Zimbabwe,1985
-0.5094973770341049,-1.6016034499409735,-0.5614844281599842,-0.26100428188233377,-0.19153821189887857,-0.3301671299802684,Zimbabwe,1986
-0.27265544603782293,-1.5878976663244193,-0.654633288257013,-0.27514638449008283,-0.4238142467763609,-0.45515446798588305,Zimbabwe,1987
-0.34622561289055415,-1.5756144412553168,-0.7122971756970014,-0.2786675102526194,-0.4373584718841182,-0.4569676183872261,Zimbabwe,1988
-0.44556975662942033,-1.5654447380112868,-0.6800000603537099,-0.27118344694482227,-0.20972053098206914,-0.3758448941973299,Zimbabwe,1989
