country,year,GNP_PCAP,ODA_TOTAL,INF_MORT,POP,NET_ODA,RIGHTS_REV,RIGHTS_INV
Algeria,1982,2420,1,88,19862000,0.050347397039573055,3,0.08333333333333333
Algeria,1983,2420,95,85.2,20495000,4.635276896804099,3,0.08333333333333333
Algeria,1984,2460,122,82.4,21173000,5.762055447976196,3,0.08333333333333333
Algeria,1985,2580,173,79.6,21848000,7.918344928597583,3,0.08333333333333333
Algeria,1986,2650,165,76.8,22497000,7.334311241498867,3,0.08333333333333333
Algeria,1987,2680,214,74,23124000,9.254454246670127,3,0.08333333333333333
Algeria,1988,2430,171,71.9,23753000,7.199090641182167,4,0.09090909090909091
Algeria,1989,2220,153,69.8,24453000,6.256900993743099,5,0.1
Argentina,1982,1880,1,36,29092000,0.03437371098583803,4,0.09090909090909091
Argentina,1983,1970,48,35.2,29512000,1.626457034426674,9,0.16666666666666666
Argentina,1984,2150,49,34.4,29925000,1.6374269005847952,11,0.25
Argentina,1985,2140,39,33.6,30331000,1.285813194421549,11,0.25
Argentina,1986,2380,88,32.8,30730000,2.863651155222909,12,0.3333333333333333
Argentina,1987,2400,99,32,31121000,3.181131711705922,12,0.3333333333333333
Argentina,1988,2570,152,31.2,31506000,4.824477877229734,12,0.3333333333333333
Argentina,1989,2160,215,30.4,31883000,6.743405576639589,12,0.3333333333333333
Bangladesh,1982,160,1,128,92000000,0.010869565217391304,5,0.1
Bangladesh,1983,150,1049,126.2,95000000,11.042105263157895,4,0.09090909090909091
Bangladesh,1984,140,1200,124.4,98000000,12.244897959183673,4,0.09090909090909091
Bangladesh,1985,150,1152,122.6,101000000,11.405940594059405,5,0.1
Bangladesh,1986,160,1455,120.8,103000000,14.12621359223301,6,0.1111111111111111
Bangladesh,1987,160,1635,119,106000000,15.424528301886792,6,0.1111111111111111
Bangladesh,1988,170,1592,117.6,109000000,14.605504587155963,6,0.1111111111111111
Bangladesh,1989,180,1791,116.2,112000000,15.991071428571429,7,0.125
Benin,1982,330,1,120,3677000,0.27196083763937995,2,0.07692307692307693
Benin,1983,280,86,119.2,3793000,22.67334563669918,2,0.07692307692307693
Benin,1984,260,77,118.4,3915000,19.66794380587484,1,0.07142857142857142
Benin,1985,260,95,117.6,4043000,23.497402918624783,1,0.07142857142857142
Benin,1986,280,138,116.8,4174000,33.06181121226641,1,0.07142857142857142
Benin,1987,310,138,116,4310000,32.01856148491879,1,0.07142857142857142
Benin,1988,370,162,114.5,4449000,36.412677006068776,1,0.07142857142857142
Benin,1989,380,247,113,4593000,53.77748748094927,1,0.07142857142857142
Bhutan,1982,110,1,139,1212000,0.8250825082508251,5,0.1
Bhutan,1983,110,13,136.8,1237000,10.509296685529506,5,0.1
Bhutan,1984,130,18,134.6,1261000,14.274385408406028,5,0.1
Bhutan,1985,130,24,132.4,1286000,18.662519440124417,5,0.1
Bhutan,1986,140,40,130.2,1313000,30.464584920030465,5,0.1
Bhutan,1987,180,42,128,1343000,31.273268801191364,5,0.1
Bhutan,1988,190,41,126.6,1373000,29.861616897305172,5,0.1
Bhutan,1989,1,40,125.3,1403000,28.510334996436207,4,0.09090909090909091
Bolivia,1982,530,1,124,5875000,0.1702127659574468,4,0.09090909090909091
Bolivia,1983,480,174,121.2,6035000,28.831814415907207,10,0.2
Bolivia,1984,450,172,118.4,6200000,27.741935483870968,10,0.2
Bolivia,1985,420,202,115.6,6371000,31.706168576361637,10,0.2
Bolivia,1986,440,322,112.8,6547000,49.18283183137315,10,0.2
Bolivia,1987,510,318,110,6729000,47.25813642443156,10,0.2
Bolivia,1988,590,394,108.2,6917000,56.96111030793697,10,0.2
Bolivia,1989,620,432,106.4,7110000,60.75949367088607,10,0.2
Botswana,1982,1020,1,50,966000,1.0351966873706004,10,0.2
Botswana,1983,1070,104,48.3,1000000,104,10,0.2
Botswana,1984,1050,102,46.7,1035000,98.55072463768116,10,0.2
Botswana,1985,920,96,45,1070000,89.7196261682243,10,0.2
Botswana,1986,980,102,43.4,1106000,92.2242314647378,10,0.2
Botswana,1987,1010,156,41.7,1143000,136.48293963254594,10,0.2
Botswana,1988,1230,151,40.5,1180000,127.96610169491525,10,0.2
Botswana,1989,1600,162,39.3,1217000,133.114215283484,12,0.3333333333333333
Brazil,1982,2070,1,71,127000000,0.007874015748031496,8,0.14285714285714285
Brazil,1983,1840,101,69.4,130000000,0.7769230769230769,9,0.16666666666666666
Brazil,1984,1730,161,67.8,133000000,1.2105263157894737,9,0.16666666666666666
Brazil,1985,1670,123,66.2,136000000,0.9044117647058824,10,0.2
Brazil,1986,1810,178,64.6,138000000,1.289855072463768,11,0.25
Brazil,1987,1960,289,63,141000000,2.049645390070922,11,0.25
Brazil,1988,2120,210,61.5,144000000,1.4583333333333333,10,0.2
Brazil,1989,2540,189,59.9,147000000,1.2857142857142858,11,0.25
Bulgaria,1982,2450,1,18.2,8894000,0.11243534967393748,1,0.07142857142857142
Bulgaria,1983,2260,NA,16.8,8909000,NA,1,0.07142857142857142
Bulgaria,1984,2150,NA,16.2,8925000,NA,1,0.07142857142857142
Bulgaria,1985,2040,NA,15.4,8941000,NA,1,0.07142857142857142
Bulgaria,1986,2170,NA,14.5,8956000,NA,1,0.07142857142857142
Bulgaria,1987,2560,NA,14.7,8971000,NA,1,0.07142857142857142
Bulgaria,1988,2750,NA,14.3,8986000,NA,1,0.07142857142857142
Bulgaria,1989,2320,NA,13.8,9001000,NA,1,0.07142857142857142
Burkina Faso,1982,250,1,149,7312000,0.13676148796498905,4,0.09090909090909091
Burkina Faso,1983,220,184,146.8,7496000,24.546424759871933,4,0.09090909090909091
Burkina Faso,1984,190,189,144.6,7688000,24.583766909469304,3,0.08333333333333333
Burkina Faso,1985,190,198,142.4,7888000,25.101419878296145,2,0.07692307692307693
Burkina Faso,1986,210,284,140.2,8096000,35.07905138339921,2,0.07692307692307693
Burkina Faso,1987,250,281,138,8312000,33.8065447545717,2,0.07692307692307693
Burkina Faso,1988,310,298,136.7,8539000,34.89870008197681,2,0.07692307692307693
Burkina Faso,1989,320,284,135.3,8776000,32.36098450319052,4,0.09090909090909091
Burundi,1982,240,1,102.9,4321000,0.23142791020597084,2,0.07692307692307693
Burundi,1983,250,140,97.3,4437000,31.552851025467657,3,0.08333333333333333
Burundi,1984,240,141,91.7,4562000,30.907496711968435,2,0.07692307692307693
Burundi,1985,250,142,86.2,4696000,30.238500851788757,2,0.07692307692307693
Burundi,1986,240,187,80.6,4837000,38.660326648749226,2,0.07692307692307693
Burundi,1987,250,202,75,4986000,40.51343762535098,2,0.07692307692307693
Burundi,1988,240,188,73,5140000,36.57587548638132,2,0.07692307692307693
Burundi,1989,220,198,71.1,5299000,37.36554066805058,2,0.07692307692307693
Cameroon,1982,900,1,103,9262000,0.10796804145972792,3,0.08333333333333333
Cameroon,1983,870,129,101.2,9554000,13.502198032237807,3,0.08333333333333333
Cameroon,1984,820,186,99.4,9855000,18.873668188736684,2,0.07692307692307693
Cameroon,1985,810,159,97.6,10166000,15.64036986031871,2,0.07692307692307693
Cameroon,1986,890,224,95.8,10491000,21.35163473453436,3,0.08333333333333333
Cameroon,1987,920,213,94,10830000,19.667590027700832,3,0.08333333333333333
Cameroon,1988,980,284,92.3,11187000,25.386609457405918,3,0.08333333333333333
Cameroon,1989,1000,470,90.5,11554000,40.678552882118744,3,0.08333333333333333
Central African Republic,1982,340,1,114,2447000,0.4086636697997548,3,0.08333333333333333
Central African Republic,1983,280,93,112,2512000,37.02229299363057,3,0.08333333333333333
Central African Republic,1984,280,114,110,2578000,44.22032583397983,2,0.07692307692307693
Central African Republic,1985,270,104,108,2646000,39.30461073318216,2,0.07692307692307693
Central African Republic,1986,290,139,106,2717000,51.159366948840635,2,0.07692307692307693
Central African Republic,1987,320,176,104,2791000,63.059835184521674,3,0.08333333333333333
Central African Republic,1988,370,196,102.2,2869000,68.31648658069014,3,0.08333333333333333
Central African Republic,1989,390,189,100.4,2951000,64.0460860725178,3,0.08333333333333333
Chad,1982,150,1,143,4981000,0.2007628990162618,2,0.07692307692307693
Chad,1983,140,95,140.8,4789000,19.83712674879933,2,0.07692307692307693
Chad,1984,130,115,138.6,4901000,23.46459906141604,1,0.07142857142857142
Chad,1985,150,182,136.4,5018000,36.26943005181347,1,0.07142857142857142
Chad,1986,150,165,134.2,5140000,32.1011673151751,1,0.07142857142857142
Chad,1987,140,198,132,5267000,37.59255743307386,2,0.07692307692307693
Chad,1988,180,264,129.9,5398000,48.907002593553166,2,0.07692307692307693
Chad,1989,190,239,127.8,5537000,43.16416832219613,2,0.07692307692307693
Chile,1982,2220,1,23,11526000,0.08676036786395974,4,0.09090909090909091
Chile,1983,1930,0,22.4,11721000,0,4,0.09090909090909091
Chile,1984,1680,2,21.8,11919000,0.1677993120228207,4,0.09090909090909091
Chile,1985,1450,40,21.2,12121000,3.300057751010643,4,0.09090909090909091
Chile,1986,1350,-5,20.6,12330000,-0.40551500405515006,4,0.09090909090909091
Chile,1987,1370,21,20,12543000,1.6742406122937097,4,0.09090909090909091
Chile,1988,1510,44,19.6,12760000,3.4482758620689653,6,0.1111111111111111
Chile,1989,1770,61,19.1,12980000,4.699537750385208,8,0.14285714285714285
China,1982,320,1,39,1008000000,9.92063492063492e-4,3,0.08333333333333333
China,1983,320,669,37.6,1022000000,0.6545988258317026,3,0.08333333333333333
China,1984,320,798,36.2,1033000000,0.7725072604065828,3,0.08333333333333333
China,1985,330,940,34.8,1045000000,0.8995215311004785,3,0.08333333333333333
China,1986,310,1134,33.4,1058000000,1.0718336483931947,3,0.08333333333333333
China,1987,310,1462,32,1073000000,1.3625349487418452,3,0.08333333333333333
China,1988,330,1989,31.1,1088000000,1.828125,3,0.08333333333333333
China,1989,360,2227,30.3,1105000000,2.0153846153846153,1,0.07142857142857142
Colombia,1982,1390,1,41,28091000,0.03559859029582429,10,0.2
Colombia,1983,1380,86,40.8,28685000,2.9980826215792225,10,0.2
Colombia,1984,1370,88,40.6,29281000,3.005361838735016,10,0.2
Colombia,1985,1280,62,40.4,29879000,2.0750359784464005,10,0.2
Colombia,1986,1220,63,40.2,30481000,2.0668613234473936,10,0.2
Colombia,1987,1180,78,40,31090000,2.5088452878739145,10,0.2
Colombia,1988,1180,62,39.3,31707000,1.9554041694263096,10,0.2
Colombia,1989,1190,62,38.5,32335000,1.9174269367558374,8,0.14285714285714285
"Congo, Dem. Rep.",1982,540,1,115,27798000,0.03597381106554429,3,0.08333333333333333
"Congo, Dem. Rep.",1983,460,315,114,28625000,11.004366812227074,2,0.07692307692307693
"Congo, Dem. Rep.",1984,340,312,113,29489000,10.580216351860015,2,0.07692307692307693
"Congo, Dem. Rep.",1985,270,325,112,30398000,10.691492861372458,1,0.07142857142857142
"Congo, Dem. Rep.",1986,240,448,111,31346000,14.292094685127289,1,0.07142857142857142
"Congo, Dem. Rep.",1987,240,627,110,32334000,19.391352755613287,2,0.07692307692307693
"Congo, Dem. Rep.",1988,260,576,110,33366000,17.263082179464124,2,0.07692307692307693
"Congo, Dem. Rep.",1989,260,637,94.4,34442000,18.494860925614077,2,0.07692307692307693
"Congo, Rep.",1982,1320,1,124,1748000,0.5720823798627003,2,0.07692307692307693
"Congo, Rep.",1983,1240,108,123,1809000,59.701492537313435,2,0.07692307692307693
"Congo, Rep.",1984,1150,98,122,1873000,52.32247730912974,2,0.07692307692307693
"Congo, Rep.",1985,1040,71,121,1938000,36.63570691434469,2,0.07692307692307693
"Congo, Rep.",1986,910,110,120,2004000,54.89021956087824,2,0.07692307692307693
"Congo, Rep.",1987,910,152,119,2071000,73.39449541284404,2,0.07692307692307693
"Congo, Rep.",1988,890,89,117.4,2139000,41.60822814399252,2,0.07692307692307693
"Congo, Rep.",1989,940,91,115.9,2208000,41.21376811594203,2,0.07692307692307693
Costa Rica,1982,1150,1,19.3,2323000,0.4304778303917348,13,0.5
Costa Rica,1983,1060,252,18.6,2377000,106.01598653765251,13,0.5
Costa Rica,1984,1250,218,18.9,2432000,89.63815789473684,13,0.5
Costa Rica,1985,1400,280,18.6,2489000,112.49497790277219,13,0.5
Costa Rica,1986,1550,196,18.3,2547000,76.95327836670593,13,0.5
Costa Rica,1987,1650,228,18,2608000,87.42331288343559,13,0.5
Costa Rica,1988,1680,187,17.6,2670000,70.0374531835206,13,0.5
Costa Rica,1989,1780,224,17.2,2735000,81.90127970749543,13,0.5
Cote d'Ivoire,1982,990,1,105,8842000,0.1130965844831486,5,0.1
Cote d'Ivoire,1983,790,156,103.4,9188000,16.978667827601218,5,0.1
Cote d'Ivoire,1984,690,128,101.4,9551000,13.40173803790179,4,0.09090909090909091
Cote d'Ivoire,1985,650,125,99.6,9933000,12.584314909896305,4,0.09090909090909091
Cote d'Ivoire,1986,710,186,97.8,10337000,17.99361516881107,4,0.09090909090909091
Cote d'Ivoire,1987,790,254,96,10767000,23.590600910188538,4,0.09090909090909091
Cote d'Ivoire,1988,880,439,94.5,11225000,39.10913140311804,3,0.08333333333333333
Cote d'Ivoire,1989,790,409,93,11713000,34.918466660974985,4,0.09090909090909091
Dominican Republic,1982,1280,1,75,5977000,0.1673080140538732,12,0.3333333333333333
Dominican Republic,1983,1230,100,73,6122000,16.33453119895459,12,0.3333333333333333
Dominican Republic,1984,1010,188,71,6268000,29.993618379068284,11,0.25
Dominican Republic,1985,790,207,69,6416000,32.263092269326684,11,0.25
Dominican Republic,1986,750,93,67,6564000,14.16819012797075,11,0.25
Dominican Republic,1987,750,130,65,6712000,19.36829558998808,11,0.25
Dominican Republic,1988,720,118,63.4,6859000,17.20367400495699,11,0.25
Dominican Republic,1989,790,141,61.9,7002000,20.137103684661525,11,0.25
Ecuador,1982,1490,1,70,8589000,0.11642798928862498,11,0.25
Ecuador,1983,1320,64,68.6,8828000,7.249660172179429,11,0.25
Ecuador,1984,1160,136,67.2,9071000,14.99283430713262,11,0.25
Ecuador,1985,1170,136,65.8,9317000,14.596973274659225,10,0.2
Ecuador,1986,1140,147,64.4,9566000,15.366924524357097,10,0.2
Ecuador,1987,1060,203,63,9819000,20.67420307566962,10,0.2
Ecuador,1988,1090,136,62.1,10073000,13.501439491710514,11,0.25
Ecuador,1989,1020,162,61.3,10329000,15.683996514667442,11,0.25
"Egypt, Arab Rep.",1982,600,1,100,42958000,0.02327855114297686,5,0.1
"Egypt, Arab Rep.",1983,620,1463,97,44105000,33.17084230812833,5,0.1
"Egypt, Arab Rep.",1984,640,1794,94,45287000,39.61401726764855,7,0.125
"Egypt, Arab Rep.",1985,660,1791,91,46497000,38.51861410413575,7,0.125
"Egypt, Arab Rep.",1986,670,1716,88,47713000,35.965040974157986,6,0.1111111111111111
"Egypt, Arab Rep.",1987,690,1773,85,48935000,36.231735976295084,6,0.1111111111111111
"Egypt, Arab Rep.",1988,660,1537,82.8,50161000,30.641334901616794,6,0.1111111111111111
"Egypt, Arab Rep.",1989,630,1578,80.5,51390000,30.70636310566258,6,0.1111111111111111
El Salvador,1982,740,1,70,4625000,0.21621621621621623,6,0.1111111111111111
El Salvador,1983,760,290,67.8,4663000,62.191722067338624,6,0.1111111111111111
El Salvador,1984,820,261,65.6,4707000,55.44933078393881,7,0.125
El Salvador,1985,840,345,63.4,4767000,72.3725613593455,9,0.16666666666666666
El Salvador,1986,830,341,61.2,4846000,70.36731324803962,8,0.14285714285714285
El Salvador,1987,860,426,59,4934000,86.33968382650993,8,0.14285714285714285
El Salvador,1988,960,420,57.3,5032000,83.46581875993641,9,0.16666666666666666
El Salvador,1989,1070,446,55.6,5143000,86.71981333851838,8,0.14285714285714285
Ethiopia,1982,120,1,159,39883000,0.025073339518090414,1,0.07142857142857142
Ethiopia,1983,120,339,154.6,41010000,8.266276517922458,1,0.07142857142857142
Ethiopia,1984,120,364,150.2,42169000,8.631933410799402,1,0.07142857142857142
Ethiopia,1985,110,715,145.8,43350000,16.49365628604383,1,0.07142857142857142
Ethiopia,1986,120,636,141.4,44605000,14.258491200538057,1,0.07142857142857142
Ethiopia,1987,120,634,137,45939000,13.800909902261695,2,0.07692307692307693
Ethiopia,1988,120,970,131,47356000,20.483148914604275,2,0.07692307692307693
Ethiopia,1989,120,702,133.2,48861000,14.36728679314791,1,0.07142857142857142
Gabon,1982,4370,1,112,875000,1.1428571428571428,3,0.08333333333333333
Gabon,1983,3830,64,110.2,916000,69.86899563318778,3,0.08333333333333333
Gabon,1984,3580,76,108.4,957000,79.4148380355277,3,0.08333333333333333
Gabon,1985,3560,61,106.6,997000,61.18355065195587,3,0.08333333333333333
Gabon,1986,3630,79,114,1023000,77.2238514173998,3,0.08333333333333333
Gabon,1987,2890,82,103,1050000,78.0952380952381,3,0.08333333333333333
Gabon,1988,2780,106,101.1,1077000,98.42154131847725,3,0.08333333333333333
Gabon,1989,2960,134,99.2,1105000,121.26696832579185,4,0.09090909090909091
Ghana,1982,380,1,98,11366000,0.08798169980644026,4,0.09090909090909091
Ghana,1983,350,110,96.4,11747000,9.364092959904657,4,0.09090909090909091
Ghana,1984,370,216,94.8,12168000,17.75147928994083,2,0.07692307692307693
Ghana,1985,370,203,93.2,12620000,16.08557844690967,2,0.07692307692307693
Ghana,1986,390,371,91.6,13073000,28.379101965883883,2,0.07692307692307693
Ghana,1987,390,373,90,13526000,27.57651929617034,2,0.07692307692307693
Ghana,1988,400,474,88.4,13977000,33.91285683623095,3,0.08333333333333333
Ghana,1989,390,543,86.9,14425000,37.642980935875215,4,0.09090909090909091
Greece,1982,4320,1,15.1,9790000,0.10214504596527069,12,0.3333333333333333
Greece,1983,3950,13,14.6,9847000,1.3201990453945365,12,0.3333333333333333
Greece,1984,3800,13,14.3,9896000,1.3136620856911883,12,0.3333333333333333
Greece,1985,3610,11,14.1,9934000,1.1073082343466882,11,0.25
Greece,1986,3650,19,12.2,9964000,1.90686471296668,11,0.25
Greece,1987,3990,35,12.6,9990000,3.5035035035035036,11,0.25
Greece,1988,4770,37,12.3,10013000,3.6951962448816538,11,0.25
Greece,1989,5340,33,11.9,10039000,3.28717999800777,12,0.3333333333333333
Guatemala,1982,1190,1,70,7314000,0.13672409078479628,3,0.08333333333333333
Guatemala,1983,1170,76,67.8,7523000,10.1023527847933,3,0.08333333333333333
Guatemala,1984,1180,65,65.6,7739000,8.39901796097687,4,0.09090909090909091
Guatemala,1985,1200,83,63.4,7963000,10.423207333919377,7,0.125
Guatemala,1986,1050,135,61.2,8195000,16.47345942647956,9,0.16666666666666666
Guatemala,1987,950,241,59,8436000,28.568041725936464,9,0.16666666666666666
Guatemala,1988,900,235,57.3,8686000,27.0550310845038,9,0.16666666666666666
Guatemala,1989,910,256,55.6,8946000,28.61614129219763,9,0.16666666666666666
Guinea-Bissau,1982,190,1,159,839000,1.1918951132300357,3,0.08333333333333333
Guinea-Bissau,1983,200,68,156.2,854000,79.62529274004685,2,0.07692307692307693
Guinea-Bissau,1984,190,123,153.4,870000,141.3793103448276,3,0.08333333333333333
Guinea-Bissau,1985,190,119,150.6,886000,134.31151241534988,3,0.08333333333333333
Guinea-Bissau,1986,160,175,147.8,903000,193.7984496124031,2,0.07692307692307693
Guinea-Bissau,1987,170,213,180,921000,231.27035830618894,2,0.07692307692307693
Guinea-Bissau,1988,170,262,143.2,940000,278.72340425531917,2,0.07692307692307693
Guinea-Bissau,1989,180,346,141.4,960000,360.4166666666667,3,0.08333333333333333
Haiti,1982,270,1,128,5609000,0.1782848992690319,2,0.07692307692307693
Haiti,1983,280,134,125.8,5711000,23.46349150761688,2,0.07692307692307693
Haiti,1984,290,135,123.6,5815000,23.215821152192607,2,0.07692307692307693
Haiti,1985,310,153,121.4,5922000,25.835866261398177,2,0.07692307692307693
Haiti,1986,340,175,119.2,6031000,29.01674680815785,6,0.1111111111111111
Haiti,1987,350,218,117,6142000,35.493324649951155,4,0.09090909090909091
Haiti,1988,360,147,115.9,6254000,23.504956827630316,3,0.08333333333333333
Haiti,1989,360,198,114.7,6368000,31.092964824120603,3,0.08333333333333333
Honduras,1982,690,1,82,3938000,0.25393600812595224,10,0.2
Honduras,1983,700,190,79.4,4093000,46.42071829953579,9,0.16666666666666666
Honduras,1984,720,286,76.8,4232000,67.58034026465029,10,0.2
Honduras,1985,740,272,74.2,4383000,62.057951174994294,10,0.2
Honduras,1986,760,283,71.6,4535000,62.40352811466373,10,0.2
Honduras,1987,820,258,69,4687000,55.04587155963303,10,0.2
Honduras,1988,860,321,67.7,4837000,66.36344841844118,10,0.2
Honduras,1989,900,256,66.4,4981000,51.39530214816302,10,0.2
"Hong Kong SAR, China",1982,6330,1,9.9,5202000,0.1922337562475971,9,0.16666666666666666
"Hong Kong SAR, China",1983,6140,9,9.4,5285000,1.7029328287606433,9,0.16666666666666666
"Hong Kong SAR, China",1984,6330,14,8.8,5370000,2.60707635009311,9,0.16666666666666666
"Hong Kong SAR, China",1985,6080,20,8.3,5456000,3.665689149560117,9,0.16666666666666666
"Hong Kong SAR, China",1986,6900,18,7.9,5533000,3.253208024579794,9,0.16666666666666666
"Hong Kong SAR, China",1987,8190,19,7.4,5613000,3.3849991092107605,9,0.16666666666666666
"Hong Kong SAR, China",1988,9250,22,7.2,5681000,3.8725576483013553,8,0.14285714285714285
"Hong Kong SAR, China",1989,10320,23,7,5735000,4.010462074978204,8,0.14285714285714285
Hungary,1982,2260,1,19.7,10711000,0.09336196433572963,4,0.09090909090909091
Hungary,1983,2150,NA,19,10700000,NA,4,0.09090909090909091
Hungary,1984,2050,NA,20.2,10679000,NA,4,0.09090909090909091
Hungary,1985,1940,NA,20.4,10657000,NA,5,0.1
Hungary,1986,2020,NA,19,10640000,NA,5,0.1
Hungary,1987,2250,NA,17,10621000,NA,6,0.1111111111111111
Hungary,1988,2450,NA,15.8,10614000,NA,6,0.1111111111111111
Hungary,1989,2580,NA,15.8,10587000,NA,8,0.14285714285714285
India,1982,280,1,110,718000000,0.001392757660167131,10,0.2
India,1983,280,1840,107.8,734000000,2.5068119891008176,10,0.2
India,1984,280,1673,105.6,750000000,2.2306666666666666,10,0.2
India,1985,290,1592,103.4,765000000,2.081045751633987,10,0.2
India,1986,290,2120,101.2,782000000,2.710997442455243,10,0.2
India,1987,310,1839,99,799000000,2.3016270337922404,10,0.2
India,1988,340,2097,97.2,816000000,2.5698529411764706,10,0.2
India,1989,340,1874,95.4,833000000,2.2496998799519807,10,0.2
Indonesia,1982,610,1,95,155000000,0.0064516129032258064,5,0.1
Indonesia,1983,610,744,90.2,158000000,4.708860759493671,5,0.1
Indonesia,1984,580,673,85.4,161000000,4.180124223602484,4,0.09090909090909091
Indonesia,1985,540,603,80.6,165000000,3.6545454545454548,4,0.09090909090909091
Indonesia,1986,520,711,75.8,168000000,4.232142857142857,4,0.09090909090909091
Indonesia,1987,490,1246,71,171000000,7.286549707602339,4,0.09090909090909091
Indonesia,1988,480,1632,68.3,175000000,9.325714285714286,5,0.1
Indonesia,1989,500,1830,65.6,178000000,10.280898876404494,5,0.1
"Iran, Islamic Rep.",1982,3240,1,78,40537000,0.02466882107704073,3,0.08333333333333333
"Iran, Islamic Rep.",1983,3660,48,75.4,41702000,1.1510239317059134,3,0.08333333333333333
"Iran, Islamic Rep.",1984,3920,13,72.8,42925000,0.302853814793244,4,0.09090909090909091
"Iran, Islamic Rep.",1985,4210,16,70.2,44212000,0.3618926988148014,4,0.09090909090909091
"Iran, Islamic Rep.",1986,4180,27,67.6,45578000,0.5923910658651104,4,0.09090909090909091
"Iran, Islamic Rep.",1987,3870,71,65,47029000,1.5097067766697145,4,0.09090909090909091
"Iran, Islamic Rep.",1988,3590,82,63.7,48569000,1.6883197101031522,4,0.09090909090909091
"Iran, Islamic Rep.",1989,3190,89,62.4,50204000,1.772767110190423,4,0.09090909090909091
Israel,1982,6510,1,13.9,4031000,0.24807740014884644,11,0.25
Israel,1983,6780,1345,14.4,4105000,327.6492082825822,11,0.25
Israel,1984,6680,1256,13.1,4170000,301.19904076738607,11,0.25
Israel,1985,6570,1978,11.9,4233000,467.280888258918,11,0.25
Israel,1986,6780,1937,11.6,4305000,449.94192799070845,11,0.25
Israel,1987,7600,1251,11.4,4375000,285.9428571428571,11,0.25
Israel,1988,8940,1241,11.1,4444000,279.25292529252926,11,0.25
Israel,1989,9750,1192,10.8,4525000,263.42541436464086,11,0.25
Jamaica,1982,1310,1,14,2203000,0.45392646391284613,10,0.2
Jamaica,1983,1360,181,13.4,2242000,80.73148974130241,10,0.2
Jamaica,1984,1150,170,12.8,2279000,74.59412022817025,10,0.2
Jamaica,1985,910,169,12.2,2311000,73.12851579402856,10,0.2
Jamaica,1986,870,178,11.6,2338000,76.13344739093242,10,0.2
Jamaica,1987,960,168,11,2361000,71.15628970775096,11,0.25
Jamaica,1988,1080,193,10.7,2379000,81.12652374947457,11,0.25
Jamaica,1989,1260,258,10.4,2396000,107.67946577629382,11,0.25
Jordan,1982,NA,1,54,3137000,0.318775900541919,3,0.08333333333333333
Jordan,1983,NA,787,52,3256000,241.7076167076167,3,0.08333333333333333
Jordan,1984,NA,687,50,3380000,203.25443786982248,5,0.1
Jordan,1985,1880,538,48,3506000,153.45122646891045,5,0.1
Jordan,1986,1940,564,46,3635000,155.15818431911967,5,0.1
Jordan,1987,2040,579,44,3767000,153.70321210512344,5,0.1
Jordan,1988,2000,415,42.6,3903000,106.32846528311555,4,0.09090909090909091
Jordan,1989,1730,280,41.2,4041000,69.28977975748577,5,0.1
Kenya,1982,400,1,80,17951000,0.055707202941340316,5,0.1
Kenya,1983,350,400,78.4,18643000,21.45577428525452,5,0.1
Kenya,1984,330,411,76.8,19358000,21.231532183076766,4,0.09090909090909091
Kenya,1985,310,438,75.2,20096000,21.795382165605094,4,0.09090909090909091
Kenya,1986,330,455,73.6,20856000,21.8162639048715,4,0.09090909090909091
Kenya,1987,340,572,72,21640000,26.432532347504623,3,0.08333333333333333
Kenya,1988,370,809,70.4,22446000,36.042056491134275,3,0.08333333333333333
Kenya,1989,370,967,68.7,23277000,41.543154186536064,3,0.08333333333333333
"Korea, Rep.",1982,1930,1,30,39326000,0.02542846971469257,5,0.1
"Korea, Rep.",1983,2110,8,29,39910000,0.20045101478326233,4,0.09090909090909091
"Korea, Rep.",1984,2240,-37,28,40406000,-0.9157055882789684,5,0.1
"Korea, Rep.",1985,2320,-9,27,40806000,-0.22055580061755625,6,0.1111111111111111
"Korea, Rep.",1986,2570,-18,26,41184000,-0.4370629370629371,6,0.1111111111111111
"Korea, Rep.",1987,2950,11,25,41575000,0.26458208057727,7,0.125
"Korea, Rep.",1988,3600,10,24.3,41975000,0.23823704586063132,10,0.2
"Korea, Rep.",1989,4400,-9,23.5,42380000,-0.21236432279377065,10,0.2
Kuwait,1982,18980,1,22.8,1524000,0.6561679790026247,7,0.125
Kuwait,1983,18540,5,20.9,1593000,3.138731952291274,7,0.125
Kuwait,1984,17500,4,19,1655000,2.416918429003021,7,0.125
Kuwait,1985,15010,4,18.4,1712000,2.336448598130841,7,0.125
Kuwait,1986,15710,5,17.2,1791000,2.7917364600781687,4,0.09090909090909091
Kuwait,1987,14680,3,16,1873000,1.601708489054992,4,0.09090909090909091
Kuwait,1988,14630,6,15.4,1958000,3.0643513789581207,4,0.09090909090909091
Kuwait,1989,16380,4,14.8,2020000,1.9801980198019802,5,0.1
Lesotho,1982,550,1,111,1427000,0.700770847932726,5,0.1
Lesotho,1983,510,108,108.8,1465000,73.72013651877133,5,0.1
Lesotho,1984,480,101,106.6,1505000,67.10963455149502,5,0.1
Lesotho,1985,390,94,104.4,1545000,60.84142394822006,5,0.1
Lesotho,1986,340,88,102.2,1587000,55.45053560176434,5,0.1
Lesotho,1987,340,107,100,1630000,65.6441717791411,4,0.09090909090909091
Lesotho,1988,410,108,98.2,1676000,64.43914081145584,3,0.08333333333333333
Lesotho,1989,470,118,96.4,1722000,68.52497096399536,4,0.09090909090909091
Liberia,1982,550,1,145,2000000,0.5,3,0.08333333333333333
Liberia,1983,500,118,142.4,2064000,57.17054263565891,5,0.1
Liberia,1984,470,133,139.8,2130000,62.44131455399061,4,0.09090909090909091
Liberia,1985,470,90,137.2,2199000,40.92769440654843,5,0.1
Liberia,1986,450,97,134.6,2268000,42.7689594356261,5,0.1
Liberia,1987,450,78,132,2337000,33.37612323491656,5,0.1
Liberia,1988,NA,65,129.7,2406000,27.015793848711553,5,0.1
Liberia,1989,1,58,127.4,2475000,23.434343434343436,4,0.09090909090909091
Libya,1982,9260,1,97,3327000,0.30057108506161706,3,0.08333333333333333
Libya,1983,8590,6,94,3476000,1.7261219792865363,3,0.08333333333333333
Libya,1984,7230,5,91,3630000,1.3774104683195592,3,0.08333333333333333
Libya,1985,6560,5,88,3786000,1.3206550449022716,3,0.08333333333333333
Libya,1986,5500,11,85,3942000,2.7904616945712837,3,0.08333333333333333
Libya,1987,5340,6,82,4065000,1.4760147601476015,3,0.08333333333333333
Libya,1988,5410,6,79.8,4245000,1.4134275618374559,3,0.08333333333333333
Libya,1989,1,11,77.5,4395000,2.502844141069397,1,0.07142857142857142
Madagascar,1982,400,1,130,9202000,0.10867202782003912,3,0.08333333333333333
Madagascar,1983,380,183,126,9456000,19.35279187817259,4,0.09090909090909091
Madagascar,1984,340,153,126,9716000,15.747221078633183,4,0.09090909090909091
Madagascar,1985,310,188,124,9985000,18.828242363545318,4,0.09090909090909091
Madagascar,1986,290,316,122,10265000,30.78421821724306,5,0.1
Madagascar,1987,270,321,120,10556000,30.409245926487305,5,0.1
Madagascar,1988,250,304,118.8,10859000,27.995211345427755,5,0.1
Madagascar,1989,230,320,117.6,11174000,28.63790943261142,6,0.1111111111111111
Malawi,1982,190,1,163,6498000,0.1538935056940597,2,0.07692307692307693
Malawi,1983,180,117,160.4,6718000,17.415897588568026,2,0.07692307692307693
Malawi,1984,180,158,157.8,6948000,22.74035693724813,2,0.07692307692307693
Malawi,1985,170,113,155.2,7188000,15.720645520311631,2,0.07692307692307693
Malawi,1986,160,198,152.6,7437000,26.62363856393707,2,0.07692307692307693
Malawi,1987,150,280,150,7695000,36.3872644574399,2,0.07692307692307693
Malawi,1988,160,366,148.8,7960000,45.97989949748744,2,0.07692307692307693
Malawi,1989,180,394,147.7,8230000,47.87363304981774,2,0.07692307692307693
Malaysia,1982,1900,1,28,14510000,0.06891798759476224,8,0.14285714285714285
Malaysia,1983,1900,177,27.2,14887000,11.889568079532477,8,0.14285714285714285
Malaysia,1984,2040,327,26.4,15272000,21.4117338920901,7,0.125
Malaysia,1985,1970,229,25.6,15682000,14.602729243718914,7,0.125
Malaysia,1986,1850,192,24.8,16109000,11.918803153516668,7,0.125
Malaysia,1987,1830,363,24,16528000,21.962729912875123,7,0.125
Malaysia,1988,1930,104,23.3,16921000,6.146208852904675,6,0.1111111111111111
Malaysia,1989,2160,139,22.6,17340000,8.016147635524797,6,0.1111111111111111
Mali,1982,220,1,179,6891000,0.14511681903932666,2,0.07692307692307693
Mali,1983,170,215,177,7049000,30.500780252518087,2,0.07692307692307693
Mali,1984,160,321,175,7215000,44.49064449064449,2,0.07692307692307693
Mali,1985,150,380,173,7389000,51.427798078224384,2,0.07692307692307693
Mali,1986,180,372,171,7574000,49.115394771587006,2,0.07692307692307693
Mali,1987,200,366,169,7771000,47.09818556170377,2,0.07692307692307693
Mali,1988,240,427,168,7983000,53.48866340974571,3,0.08333333333333333
Mali,1989,270,470,167,8212000,57.23331709693132,3,0.08333333333333333
Mauritania,1982,450,1,137,1633000,0.612369871402327,2,0.07692307692307693
Mauritania,1983,460,176,135,1676000,105.01193317422434,2,0.07692307692307693
Mauritania,1984,410,175,133,1721000,101.68506682161534,2,0.07692307692307693
Mauritania,1985,400,209,131,1766000,118.34654586636466,2,0.07692307692307693
Mauritania,1986,420,225,129,1812000,124.17218543046357,2,0.07692307692307693
Mauritania,1987,410,182,127,1859000,97.9020979020979,3,0.08333333333333333
Mauritania,1988,460,184,125.3,1906000,96.53725078698845,3,0.08333333333333333
Mauritania,1989,490,195,123.6,1954000,99.79529170931423,2,0.07692307692307693
Mauritius,1982,1210,1,28,995000,1.0050251256281406,10,0.2
Mauritius,1983,1120,41,27,1006000,40.75546719681908,11,0.25
Mauritius,1984,1080,36,26,1014000,35.50295857988166,11,0.25
Mauritius,1985,1100,28,25,1020000,27.45098039215686,11,0.25
Mauritius,1986,1230,56,26.3,1030000,54.36893203883495,11,0.25
Mauritius,1987,1470,65,23.7,1040000,62.5,11,0.25
Mauritius,1988,1730,59,22.4,1051000,56.13701236917222,11,0.25
Mauritius,1989,1990,57,21.7,1062000,53.67231638418079,11,0.25
Mexico,1982,2820,1,53,73666000,0.01357478348220346,8,0.14285714285714285
Mexico,1983,2290,132,51.8,75279000,1.7534770653170206,8,0.14285714285714285
Mexico,1984,2130,83,50.6,76896000,1.0793799417394923,8,0.14285714285714285
Mexico,1985,2180,144,49.4,78524000,1.833834241760481,7,0.125
Mexico,1986,1890,252,48.2,80199000,3.1421838177533385,7,0.125
Mexico,1987,1770,155,47,81909000,1.8923439426680828,7,0.125
Mexico,1988,1750,173,45.9,83656000,2.0679927321411493,8,0.14285714285714285
Mexico,1989,1990,97,44.8,85440000,1.1352996254681649,8,0.14285714285714285
Morocco,1982,860,1,92,20375000,0.049079754601226995,6,0.1111111111111111
Morocco,1983,730,398,88.2,20912000,19.03213465952563,6,0.1111111111111111
Morocco,1984,660,352,84.4,21475000,16.391152502910362,6,0.1111111111111111
Morocco,1985,610,785,80.6,22061000,35.583155795294864,6,0.1111111111111111
Morocco,1986,650,403,76.8,22706000,17.748612701488593,6,0.1111111111111111
Morocco,1987,680,447,73,23376000,19.12217659137577,6,0.1111111111111111
Morocco,1988,830,481,73,23960000,20.075125208681136,6,0.1111111111111111
Morocco,1989,880,443,69.8,24567000,18.03231977856474,7,0.125
Mozambique,1982,190,1,153,12753000,0.0784129224496197,1,0.07142857142857142
Mozambique,1983,160,211,150.6,13090000,16.119174942704355,2,0.07692307692307693
Mozambique,1984,180,259,148.2,13435000,19.27800521027168,2,0.07692307692307693
Mozambique,1985,180,300,145.8,13791000,21.753317380900587,2,0.07692307692307693
Mozambique,1986,220,422,143.4,14160000,29.80225988700565,2,0.07692307692307693
Mozambique,1987,150,651,141,14544000,44.76072607260726,2,0.07692307692307693
Mozambique,1988,100,893,139.3,14943000,59.76042294050726,2,0.07692307692307693
Mozambique,1989,80,759,137.5,15357000,49.42371556944716,2,0.07692307692307693
Nepal,1982,160,1,139,15423000,0.06483822861959411,8,0.14285714285714285
Nepal,1983,160,201,136.8,15883000,12.655039979852672,8,0.14285714285714285
Nepal,1984,170,198,134.6,16255000,12.180867425407566,8,0.14285714285714285
Nepal,1985,170,236,132.4,16682000,14.146984774007914,8,0.14285714285714285
Nepal,1986,160,301,130.2,17098000,17.60439817522517,8,0.14285714285714285
Nepal,1987,160,347,128,17529000,19.79576701466142,8,0.14285714285714285
Nepal,1988,180,399,126.3,17976000,22.19626168224299,8,0.14285714285714285
Nepal,1989,180,488,124.6,18431000,26.477130920731376,6,0.1111111111111111
Nicaragua,1982,800,1,76,2954000,0.33852403520649965,4,0.09090909090909091
Nicaragua,1983,810,120,73.2,3055000,39.27986906710311,4,0.09090909090909091
Nicaragua,1984,790,114,70.4,3161000,36.06453653906991,5,0.1
Nicaragua,1985,760,102,67.6,3272000,31.17359413202934,5,0.1
Nicaragua,1986,760,150,64.8,3387000,44.28697962798937,4,0.09090909090909091
Nicaragua,1987,800,141,62,3504000,40.23972602739726,5,0.1
Nicaragua,1988,NA,213,60.1,3623000,58.79105713497102,6,0.1111111111111111
Nicaragua,1989,1,227,58.2,3740000,60.6951871657754,5,0.1
Niger,1982,380,1,146,5914000,0.16909029421711194,2,0.07692307692307693
Niger,1983,310,175,143.8,6130000,28.548123980424144,2,0.07692307692307693
Niger,1984,240,161,141.6,6356000,25.330396475770925,2,0.07692307692307693
Niger,1985,230,304,139.4,6593000,46.10951008645533,2,0.07692307692307693
Niger,1986,240,307,137.2,6813000,45.06091296051666,2,0.07692307692307693
Niger,1987,250,353,135,7033000,50.19195222522394,2,0.07692307692307693
Niger,1988,300,371,132.9,7256000,51.130099228224914,3,0.08333333333333333
Niger,1989,290,296,130.9,7479000,39.57748362080492,2,0.07692307692307693
Nigeria,1982,1110,1,114,90214000,0.01108475402930809,10,0.2
Nigeria,1983,980,48,112.2,93261000,0.5146845948467205,10,0.2
Nigeria,1984,900,33,110.4,96432000,0.34221005475360877,3,0.08333333333333333
Nigeria,1985,930,32,108.6,99669000,0.32106271759524024,3,0.08333333333333333
Nigeria,1986,710,59,106.8,103011000,0.5727543660385784,3,0.08333333333333333
Nigeria,1987,370,69,105,106497000,0.6479055748049241,4,0.09090909090909091
Nigeria,1988,280,120,103.1,110068000,1.090235127375804,5,0.1
Nigeria,1989,250,339,101.2,113665000,2.982448422997405,4,0.09090909090909091
Oman,1982,7110,1,60,1083000,0.9233610341643582,3,0.08333333333333333
Oman,1983,7220,71,56,1135000,62.55506607929515,3,0.08333333333333333
Oman,1984,7280,67,52,1187000,56.44481887110362,3,0.08333333333333333
Oman,1985,7550,78,48,1242000,62.80193236714976,3,0.08333333333333333
Oman,1986,6660,84,44,1299000,64.66512702078522,3,0.08333333333333333
Oman,1987,5810,16,40,1359000,11.77336276674025,3,0.08333333333333333
Oman,1988,4980,1,38.1,1421000,0.7037297677691766,3,0.08333333333333333
Oman,1989,5220,16,36.3,1486000,10.767160161507402,3,0.08333333333333333
Pakistan,1982,360,1,120,87648000,0.011409273457466229,3,0.08333333333333333
Pakistan,1983,350,735,117.8,90343000,8.135660759549715,3,0.08333333333333333
Pakistan,1984,350,749,115.6,93177000,8.038464427916761,3,0.08333333333333333
Pakistan,1985,340,801,113.4,96180000,8.328134747348722,6,0.1111111111111111
Pakistan,1986,340,970,111.2,99399000,9.758649483395205,6,0.1111111111111111
Pakistan,1987,330,879,109,102738000,8.555743736494772,6,0.1111111111111111
Pakistan,1988,350,1408,107.3,106261000,13.250392900499714,9,0.16666666666666666
Pakistan,1989,360,1119,105.5,109950000,10.177353342428377,9,0.16666666666666666
Panama,1982,1950,1,26,2044000,0.4892367906066536,5,0.1
Panama,1983,1950,47,25.4,2089000,22.498803255146004,6,0.1111111111111111
Panama,1984,1980,72,24.8,2134000,33.739456419868795,8,0.14285714285714285
Panama,1985,2060,69,24.2,2180000,31.65137614678899,6,0.1111111111111111
Panama,1986,2170,52,23.6,2227000,23.349797934440954,6,0.1111111111111111
Panama,1987,2210,40,23,2274000,17.590149516270888,5,0.1
Panama,1988,1810,22,22.4,2322000,9.474590869939707,4,0.09090909090909091
Panama,1989,1760,17,21.8,2370000,7.172995780590718,2,0.07692307692307693
Papua New Guinea,1982,780,1,74,3129000,0.31959092361776925,11,0.25
Papua New Guinea,1983,760,333,71.8,3297000,101.00090991810737,11,0.25
Papua New Guinea,1984,750,322,69.6,3377000,95.35090316849275,11,0.25
Papua New Guinea,1985,740,259,67.4,3460000,74.85549132947978,11,0.25
Papua New Guinea,1986,740,263,65.2,3546000,74.16807670614777,11,0.25
Papua New Guinea,1987,760,322,63,3633000,88.6319845857418,11,0.25
Papua New Guinea,1988,850,380,61.4,3722000,102.09564750134336,10,0.2
Papua New Guinea,1989,890,334,59.9,3812000,87.61804826862539,11,0.25
Paraguay,1982,1740,1,45,3358000,0.29779630732578916,5,0.1
Paraguay,1983,1640,51,44.4,3468000,14.705882352941176,5,0.1
Paraguay,1984,1490,50,43.8,3579000,13.970382788488404,5,0.1
Paraguay,1985,1170,50,43.2,3693000,13.539128080151638,5,0.1
Paraguay,1986,950,66,42.6,3808000,17.331932773109244,4,0.09090909090909091
Paraguay,1987,890,81,42,3925000,20.636942675159236,4,0.09090909090909091
Paraguay,1988,970,75,41.4,4042000,18.55517070757051,3,0.08333333333333333
Paraguay,1989,1030,91,40.9,4161000,21.869742850276374,8,0.14285714285714285
Peru,1982,1380,1,99,18134000,0.05514503143266792,10,0.2
Peru,1983,1150,297,96.8,18550000,16.01078167115903,10,0.2
Peru,1984,1120,310,94.6,18965000,16.34590034273662,10,0.2
Peru,1985,980,316,92.4,19383000,16.302945880410668,10,0.2
Peru,1986,1080,272,90.2,19806000,13.73321215793194,10,0.2
Peru,1987,1170,292,88,20237000,14.42901615852152,10,0.2
Peru,1988,1040,272,86,20681000,13.152168657221605,10,0.2
Peru,1989,1010,300,84.1,21142000,14.18976444991013,9,0.16666666666666666
Philippines,1982,790,1,51,51863000,0.019281568748433373,6,0.1111111111111111
Philippines,1983,740,429,49.8,53183000,8.066487411390858,5,0.1
Philippines,1984,630,397,48.6,54504000,7.283869073829444,7,0.125
Philippines,1985,570,486,47.4,55819000,8.706712768053888,8,0.14285714285714285
Philippines,1986,560,956,46.2,57149000,16.72820171831528,9,0.16666666666666666
Philippines,1987,590,770,45,58493000,13.163968338091738,11,0.25
Philippines,1988,630,854,43.8,59851000,14.268767439140532,10,0.2
Philippines,1989,700,831,42.7,61224000,13.57310858486868,10,0.2
Poland,1982,1540,1,20.2,36227000,0.02760372098158832,3,0.08333333333333333
Poland,1983,1800,NA,19.2,36571000,NA,4,0.09090909090909091
Poland,1984,2060,NA,19.2,36914000,NA,4,0.09090909090909091
Poland,1985,2080,NA,18.4,37203000,NA,4,0.09090909090909091
Poland,1986,2030,NA,17.5,37456000,NA,4,0.09090909090909091
Poland,1987,1850,NA,17.5,37664000,NA,5,0.1
Poland,1988,1850,NA,16.2,37862000,NA,5,0.1
Poland,1989,1780,NA,16.2,38061000,NA,8,0.14285714285714285
Portugal,1982,2500,1,19.8,9930000,0.10070493454179255,11,0.25
Portugal,1983,2250,43,19.2,10009000,4.296133479868119,12,0.3333333333333333
Portugal,1984,1990,97,16.7,10089000,9.614431559123798,12,0.3333333333333333
Portugal,1985,1970,101,17.8,10157000,9.943881067244265,12,0.3333333333333333
Portugal,1986,2270,139,15.8,10208000,13.616771159874608,12,0.3333333333333333
Portugal,1987,2830,64,14.2,10250000,6.2439024390243905,12,0.3333333333333333
Portugal,1988,3650,106,13.7,10291000,10.300262365173452,12,0.3333333333333333
Portugal,1989,4250,79,13.1,10333000,7.645407916384399,12,0.3333333333333333
Romania,1982,NA,1,NA,NA,NA,2,0.07692307692307693
Romania,1983,NA,NA,NA,NA,NA,2,0.07692307692307693
Romania,1984,NA,NA,NA,NA,NA,1,0.07142857142857142
Romania,1985,NA,NA,NA,NA,NA,1,0.07142857142857142
Romania,1986,NA,NA,NA,NA,NA,1,0.07142857142857142
Romania,1987,NA,NA,NA,NA,NA,1,0.07142857142857142
Romania,1988,NA,NA,NA,NA,NA,1,0.07142857142857142
Romania,1989,NA,NA,NA,NA,NA,1,0.07142857142857142
Rwanda,1982,260,1,132,5477000,0.18258170531312762,3,0.08333333333333333
Rwanda,1983,270,150,130,5653000,26.53458340704051,3,0.08333333333333333
Rwanda,1984,260,165,128,5836000,28.272789581905414,3,0.08333333333333333
Rwanda,1985,270,181,126,6026000,30.03650846332559,3,0.08333333333333333
Rwanda,1986,300,211,124,6225000,33.89558232931727,3,0.08333333333333333
Rwanda,1987,310,245,122,6434000,38.078955548647805,3,0.08333333333333333
Rwanda,1988,330,252,120.4,6656000,37.86057692307692,3,0.08333333333333333
Rwanda,1989,320,238,118.8,6893000,34.52778180763093,3,0.08333333333333333
Saudi Arabia,1982,14310,1,85,10514000,0.09511128019783147,3,0.08333333333333333
Saudi Arabia,1983,12820,44,82.2,11130000,3.9532794249775383,2,0.07692307692307693
Saudi Arabia,1984,10140,36,79.4,11762000,3.0607039619112397,2,0.07692307692307693
Saudi Arabia,1985,8630,29,76.6,12395000,2.339653085921743,2,0.07692307692307693
Saudi Arabia,1986,7830,31,73.8,12991000,2.3862674159033177,2,0.07692307692307693
Saudi Arabia,1987,6650,22,71,13612000,1.6162209814869233,2,0.07692307692307693
Saudi Arabia,1988,6060,19,69.4,14016000,1.355593607305936,2,0.07692307692307693
Saudi Arabia,1989,6020,16,67.7,14435000,1.1084170419120194,2,0.07692307692307693
Senegal,1982,500,1,87,5864000,0.17053206002728513,7,0.125
Senegal,1983,440,323,85.6,6034000,53.52999668544912,7,0.125
Senegal,1984,380,368,84.2,6211000,59.249718241829015,8,0.14285714285714285
Senegal,1985,380,295,82.8,6395000,46.12978889757623,8,0.14285714285714285
Senegal,1986,430,567,86.4,6589000,86.05251176202762,8,0.14285714285714285
Senegal,1987,520,641,80,6789000,94.41743997643246,8,0.14285714285714285
Senegal,1988,650,568,78.4,6996000,81.18925100057176,8,0.14285714285714285
Senegal,1989,650,652,76.7,7211000,90.41741783386493,8,0.14285714285714285
Sierra Leone,1982,380,1,166,3406000,0.29359953024075164,5,0.1
Sierra Leone,1983,380,66,163.6,3487000,18.92744479495268,5,0.1
Sierra Leone,1984,360,61,161.2,3570000,17.086834733893557,6,0.1111111111111111
Sierra Leone,1985,360,66,158.8,3657000,18.04757998359311,5,0.1
Sierra Leone,1986,390,87,156.4,3747000,23.21857485988791,5,0.1
Sierra Leone,1987,280,68,154,3841000,17.703722988804998,5,0.1
Sierra Leone,1988,250,102,151.9,3938000,25.90147282884713,5,0.1
Sierra Leone,1989,220,99,149.8,4040000,24.504950495049506,4,0.09090909090909091
Singapore,1982,6170,1,10.7,2472000,0.4045307443365696,6,0.1111111111111111
Singapore,1983,6930,15,9.4,2502000,5.995203836930456,6,0.1111111111111111
Singapore,1984,7740,41,9.3,2529000,16.211941478845393,6,0.1111111111111111
Singapore,1985,7600,24,8.7,2558000,9.382329945269742,6,0.1111111111111111
Singapore,1986,7390,29,8,2586000,11.214230471771074,6,0.1111111111111111
Singapore,1987,7900,23,7.4,2613000,8.802143130501339,6,0.1111111111111111
Singapore,1988,9090,22,7.2,2647000,8.31129580657348,6,0.1111111111111111
Singapore,1989,10450,95,7,2684000,35.39493293591654,7,0.125
Somalia,1982,170,1,143,4936000,0.2025931928687196,1,0.07142857142857142
Somalia,1983,150,343,140.8,5078000,67.54627806222922,1,0.07142857142857142
Somalia,1984,150,350,138.6,5227000,66.96001530514636,1,0.07142857142857142
Somalia,1985,160,353,136.4,5384000,65.56463595839524,1,0.07142857142857142
Somalia,1986,150,511,134.2,5549000,92.08866462425662,1,0.07142857142857142
Somalia,1987,170,580,132,5721000,101.38087746897395,1,0.07142857142857142
Somalia,1988,170,433,130.2,5902000,73.36496103015926,1,0.07142857142857142
Somalia,1989,170,440,128.5,6089000,72.26145508293644,1,0.07142857142857142
Sri Lanka,1982,330,1,30,15189000,0.06583711896767397,10,0.2
Sri Lanka,1983,340,473,28.3,15417000,30.680417720697932,8,0.14285714285714285
Sri Lanka,1984,350,466,26.5,15599000,29.873709853195717,8,0.14285714285714285
Sri Lanka,1985,390,484,24.8,15837000,30.561343688829954,8,0.14285714285714285
Sri Lanka,1986,410,570,23,16117000,35.36638332195818,8,0.14285714285714285
Sri Lanka,1987,410,502,22,16361000,30.68272110506693,8,0.14285714285714285
Sri Lanka,1988,420,598,21.3,16587000,36.05233013805993,8,0.14285714285714285
Sri Lanka,1989,430,558,20.5,16779000,33.25585553370284,6,0.1111111111111111
Sudan,1982,450,1,118,19894000,0.050266411983512616,5,0.1
Sudan,1983,400,962,116,20525000,46.86967113276492,5,0.1
Sudan,1984,350,622,114,21169000,29.382587746232698,3,0.08333333333333333
Sudan,1985,320,1128,112,21822000,51.69095408303547,3,0.08333333333333333
Sudan,1986,370,945,110,22475000,42.04671857619577,6,0.1111111111111111
Sudan,1987,380,898,108,23127000,38.8290742422277,6,0.1111111111111111
Sudan,1988,380,937,106.4,23777000,39.40783109727888,6,0.1111111111111111
Sudan,1989,1,760,104.7,24423000,31.118208246325185,1,0.07142857142857142
Syrian Arab Republic,1982,1770,1,59,9421000,0.10614584439019212,3,0.08333333333333333
Syrian Arab Republic,1983,1800,813,56.8,9751000,83.37606399343657,2,0.07692307692307693
Syrian Arab Republic,1984,1720,641,54.6,10097000,63.484203228681785,2,0.07692307692307693
Syrian Arab Republic,1985,1720,610,52.4,10458000,58.32855230445592,2,0.07692307692307693
Syrian Arab Republic,1986,1520,728,50.2,10836000,67.18346253229974,2,0.07692307692307693
Syrian Arab Republic,1987,1220,684,48,11232000,60.8974358974359,2,0.07692307692307693
Syrian Arab Republic,1988,1100,191,46.5,11647000,16.39907272258951,2,0.07692307692307693
Syrian Arab Republic,1989,1,139,45,12082000,11.50471776195994,1,0.07142857142857142
Tanzania,1982,310,1,115,20059000,0.04985293384515679,3,0.08333333333333333
Tanzania,1983,320,594,113.2,20754000,28.620988725065047,3,0.08333333333333333
Tanzania,1984,310,558,111.4,21482000,25.97523508053254,3,0.08333333333333333
Tanzania,1985,310,487,109.6,22242000,21.89551299343584,3,0.08333333333333333
Tanzania,1986,270,681,107.8,23036000,29.56242403194999,3,0.08333333333333333
Tanzania,1987,200,882,106,23864000,36.95943680858196,3,0.08333333333333333
Tanzania,1988,150,982,104.4,24728000,39.712067292138464,3,0.08333333333333333
Tanzania,1989,120,918,102.7,25627000,35.82159441214344,3,0.08333333333333333
Thailand,1982,780,1,38,48740000,0.02051702913418137,8,0.14285714285714285
Thailand,1983,810,431,36.6,49739000,8.665232513721627,8,0.14285714285714285
Thailand,1984,840,475,35.1,50720000,9.365141955835963,8,0.14285714285714285
Thailand,1985,800,481,33.7,51683000,9.306735290134087,8,0.14285714285714285
Thailand,1986,790,496,33.2,52654000,9.419987085501576,9,0.16666666666666666
Thailand,1987,850,504,30.8,53605000,9.402108012312285,9,0.16666666666666666
Thailand,1988,1030,563,29.8,54469000,10.336154509904716,9,0.16666666666666666
Thailand,1989,1230,697,28.8,55200000,12.626811594202898,10,0.2
Togo,1982,350,1,105,2742000,0.36469730123997085,2,0.07692307692307693
Togo,1983,290,112,102.8,2834000,39.520112914608326,2,0.07692307692307693
Togo,1984,260,110,100.6,2933000,37.504261847937265,3,0.08333333333333333
Togo,1985,250,114,98.4,3038000,37.524687294272546,3,0.08333333333333333
Togo,1986,270,174,96.2,3147000,55.29075309818875,3,0.08333333333333333
Togo,1987,310,126,98,3261000,38.638454461821524,3,0.08333333333333333
Togo,1988,370,199,88,3381000,58.85832593907128,3,0.08333333333333333
Togo,1989,390,182,90.4,3507000,51.89620758483034,3,0.08333333333333333
Trinidad and Tobago,1982,6630,1,18,1118000,0.8944543828264758,12,0.3333333333333333
Trinidad and Tobago,1983,6400,5,17.6,1137000,4.397537379067722,12,0.3333333333333333
Trinidad and Tobago,1984,6400,5,17.2,1157000,4.32152117545376,12,0.3333333333333333
Trinidad and Tobago,1985,5940,7,16.8,1178000,5.942275042444821,12,0.3333333333333333
Trinidad and Tobago,1986,4970,19,16.4,1199000,15.846538782318598,12,0.3333333333333333
Trinidad and Tobago,1987,4060,34,16,1220000,27.868852459016395,13,0.5
Trinidad and Tobago,1988,3410,9,15.6,1241000,7.2522159548751,13,0.5
Trinidad and Tobago,1989,3230,6,15.2,1261000,4.758128469468676,13,0.5
Tunisia,1982,1310,1,62,6729000,0.1486104919007282,5,0.1
Tunisia,1983,1240,205,59.6,6905000,29.688631426502536,5,0.1
Tunisia,1984,1210,178,57.2,7082000,25.134142897486587,5,0.1
Tunisia,1985,1170,163,54.8,7261000,22.44869852637378,5,0.1
Tunisia,1986,1110,222,52.4,7441000,29.834699637145544,4,0.09090909090909091
Tunisia,1987,1180,274,50,7622000,35.948569929152455,4,0.09090909090909091
Tunisia,1988,1230,316,48.4,7804000,40.492055356227574,5,0.1
Tunisia,1989,1260,247,46.9,7988000,30.921382073109665,7,0.125
Turkey,1982,1290,1,92,46938000,0.02130469981677958,5,0.1
Turkey,1983,1180,356,88.8,48040000,7.410491257285595,6,0.1111111111111111
Turkey,1984,1100,242,85.6,49166000,4.9221006386527275,7,0.125
Turkey,1985,1080,179,82.4,50310000,3.557940767243093,7,0.125
Turkey,1986,1110,339,79.2,51466000,6.586872886954494,8,0.14285714285714285
Turkey,1987,1220,376,76,52623000,7.14516466183988,9,0.16666666666666666
Turkey,1988,1280,269,74.5,53772000,5.002603585509187,9,0.16666666666666666
Turkey,1989,1370,122,73,54899000,2.2222627005956395,9,0.16666666666666666
Uganda,1982,240,1,112,13381000,0.0747328301322771,5,0.1
Uganda,1983,220,137,110.2,13789000,9.935455798099934,6,0.1111111111111111
Uganda,1984,220,163,108.4,14222000,11.461116579946562,6,0.1111111111111111
Uganda,1985,230,182,106.6,14680000,12.397820163487738,6,0.1111111111111111
Uganda,1986,230,198,104.8,15164000,13.057240833553152,6,0.1111111111111111
Uganda,1987,220,279,103,15675000,17.79904306220096,6,0.1111111111111111
Uganda,1988,240,363,101.1,16211000,22.39220282524212,5,0.1
Uganda,1989,250,397,99.3,16772000,23.67040305270689,5,0.1
United Arab Emirates,1982,28830,1,32,1176000,0.8503401360544217,5,0.1
United Arab Emirates,1983,25310,4,30.8,1242000,3.2206119162640903,5,0.1
United Arab Emirates,1984,24250,3,29.6,1299000,2.3094688221709005,5,0.1
United Arab Emirates,1985,22220,4,28.4,1349000,2.965159377316531,5,0.1
United Arab Emirates,1986,16320,34,27.2,1399000,24.303073624017156,5,0.1
United Arab Emirates,1987,16700,115,26,1448000,79.41988950276243,5,0.1
United Arab Emirates,1988,16420,-12,25.2,1496000,-8.0213903743315509,5,0.1
United Arab Emirates,1989,18430,-6,24.3,1544000,-3.8860103626943006,4,0.09090909090909091
Uruguay,1982,3410,1,33,2951000,0.3388681802778719,5,0.1
Uruguay,1983,2450,3,31.2,2970000,1.0101010101010102,6,0.1111111111111111
Uruguay,1984,1940,4,29.4,2989000,1.3382402141184342,6,0.1111111111111111
Uruguay,1985,1680,5,27.6,3008000,1.6622340425531914,11,0.25
Uruguay,1986,1910,27,25.8,3025000,8.925619834710744,11,0.25
Uruguay,1987,2210,18,24,3042000,5.9171597633136095,11,0.25
Uruguay,1988,2440,4,23.1,3060000,1.3071895424836601,11,0.25
Uruguay,1989,2620,38,22.1,3077000,12.349691257718558,12,0.3333333333333333
"Venezuela, RB",1982,4920,1,39,15940000,0.06273525721455459,12,0.3333333333333333
"Venezuela, RB",1983,4790,10,38.4,16394000,0.609979260705136,12,0.3333333333333333
"Venezuela, RB",1984,4250,14,37.8,16851000,0.8308112278203074,12,0.3333333333333333
"Venezuela, RB",1985,3830,11,37.2,17317000,0.6352139516082462,12,0.3333333333333333
"Venezuela, RB",1986,3570,16,36.6,17791000,0.8993311224776572,12,0.3333333333333333
"Venezuela, RB",1987,3180,19,36,18272000,1.0398423817863398,12,0.3333333333333333
"Venezuela, RB",1988,3130,18,35.4,18751000,0.9599488027305211,12,0.3333333333333333
"Venezuela, RB",1989,2450,21,34.8,19244000,1.091249220536271,11,0.25
Yugoslavia,1982,3230,1,29.9,22646000,0.04415790868144485,4,0.09090909090909091
Yugoslavia,1983,2640,3,31.7,22800000,0.13157894736842105,4,0.09090909090909091
Yugoslavia,1984,2270,3,28.9,22963000,0.13064495057266037,4,0.09090909090909091
Yugoslavia,1985,2040,11,28.8,23123000,0.47571681875189203,4,0.09090909090909091
Yugoslavia,1986,2290,19,27.3,23271000,0.8164668471488118,4,0.09090909090909091
Yugoslavia,1987,2510,35,25.4,23411000,1.4950237068044936,4,0.09090909090909091
Yugoslavia,1988,2720,44,24.8,23559000,1.8676514283288765,5,0.1
Yugoslavia,1989,2920,43,24,23707000,1.813810267009744,6,0.1111111111111111
Zambia,1982,660,1,88,6050000,0.1652892561983471,4,0.09090909090909091
Zambia,1983,560,217,86.4,6271000,34.60373146228672,4,0.09090909090909091
Zambia,1984,460,239,84.8,6506000,36.73532124193053,5,0.1
Zambia,1985,370,328,83.2,6753000,48.57100547904635,5,0.1
Zambia,1986,260,464,81.6,7011000,66.18171444872344,5,0.1
Zambia,1987,240,430,80,7280000,59.065934065934066,5,0.1
Zambia,1988,290,478,78.3,7555000,63.269358041032426,4,0.09090909090909091
Zambia,1989,390,388,76.6,7837000,49.50874058951129,4,0.09090909090909091
Zimbabwe,1982,900,1,80,7521000,0.13296104241457252,7,0.125
Zimbabwe,1983,850,208,74.3,7804000,26.652998462327012,6,0.1111111111111111
Zimbabwe,1984,730,298,68.6,8101000,36.785582026910255,6,0.1111111111111111
Zimbabwe,1985,620,237,63,8406000,28.19414703783012,5,0.1
Zimbabwe,1986,560,225,57.3,8714000,25.820518705531327,5,0.1
Zimbabwe,1987,540,294,51.6,9017000,32.60507929466563,4,0.09090909090909091
Zimbabwe,1988,570,273,49.1,9303000,29.345372460496613,4,0.09090909090909091
Zimbabwe,1989,650,266,46.5,9567000,27.803909271453957,5,0.1
